phase,direction,mode,variant,case,sample,iterations,ns_per_op,response_bytes,bytes_per_op,allocs_per_op,response_sha256
draft-filtered,forward,warm,baseline-final,BenchmarkNativeMixedCatalog/10000/owner=true/movies/cold=false/seed-owner=true,1,133,4329999.0,23812,4096700,23087,32fb9fc7742395782b46e1a1d87c57b3d0da504d4dc500f1808fb03ad8ccb32b
draft-filtered,forward,warm,baseline-final,BenchmarkNativeMixedCatalog/10000/owner=true/movies/cold=false/seed-owner=true,2,135,4276994.0,23812,4098350,23087,32fb9fc7742395782b46e1a1d87c57b3d0da504d4dc500f1808fb03ad8ccb32b
draft-filtered,forward,warm,baseline-final,BenchmarkNativeMixedCatalog/10000/owner=true/movies/cold=false/seed-owner=true,3,134,4317338.0,23812,4098382,23087,32fb9fc7742395782b46e1a1d87c57b3d0da504d4dc500f1808fb03ad8ccb32b
draft-filtered,forward,warm,baseline-final,BenchmarkNativeMixedCatalog/10000/owner=true/shows/cold=false/seed-owner=true,1,268,2196067.0,38009,1935121,3934,bc3d0ca8dfcbb4e8ec75438c071d7c37a63f3941908a8b5af86af3cdff3c42ac
draft-filtered,forward,warm,baseline-final,BenchmarkNativeMixedCatalog/10000/owner=true/shows/cold=false/seed-owner=true,2,268,2220388.0,38009,1933387,3934,bc3d0ca8dfcbb4e8ec75438c071d7c37a63f3941908a8b5af86af3cdff3c42ac
draft-filtered,forward,warm,baseline-final,BenchmarkNativeMixedCatalog/10000/owner=true/shows/cold=false/seed-owner=true,3,250,2300710.0,38009,1935372,3934,bc3d0ca8dfcbb4e8ec75438c071d7c37a63f3941908a8b5af86af3cdff3c42ac
draft-filtered,forward,warm,baseline-final,BenchmarkNativeMixedCatalog/10000/owner=true/music/cold=false/seed-owner=true,1,211,2976755.0,23511,3129121,20586,88b1f90aad51ddb58bde34312bfcadf5be689f3afbeae9aa19c4772cf7bea822
draft-filtered,forward,warm,baseline-final,BenchmarkNativeMixedCatalog/10000/owner=true/music/cold=false/seed-owner=true,2,214,2733606.0,23511,3130155,20586,88b1f90aad51ddb58bde34312bfcadf5be689f3afbeae9aa19c4772cf7bea822
draft-filtered,forward,warm,baseline-final,BenchmarkNativeMixedCatalog/10000/owner=true/music/cold=false/seed-owner=true,3,217,2786738.0,23511,3130110,20586,88b1f90aad51ddb58bde34312bfcadf5be689f3afbeae9aa19c4772cf7bea822
draft-filtered,forward,warm,baseline-final,BenchmarkNativeMixedCatalog/10000/owner=false/movies/cold=false/seed-owner=false,1,241,2420862.0,19812,2245155,11737,ec81334eaa77a7f099883506544f6b405bf7635e5aec3a4cb78424838f58cde9
draft-filtered,forward,warm,baseline-final,BenchmarkNativeMixedCatalog/10000/owner=false/movies/cold=false/seed-owner=false,2,248,2396825.0,19812,2246865,11737,ec81334eaa77a7f099883506544f6b405bf7635e5aec3a4cb78424838f58cde9
draft-filtered,forward,warm,baseline-final,BenchmarkNativeMixedCatalog/10000/owner=false/movies/cold=false/seed-owner=false,3,234,2472203.0,19812,2246999,11737,ec81334eaa77a7f099883506544f6b405bf7635e5aec3a4cb78424838f58cde9
draft-filtered,forward,warm,baseline-final,BenchmarkNativeMixedCatalog/10000/owner=false/movies/cold=false/seed-owner=true,1,237,2449371.0,19812,2246606,11737,ec81334eaa77a7f099883506544f6b405bf7635e5aec3a4cb78424838f58cde9
draft-filtered,forward,warm,baseline-final,BenchmarkNativeMixedCatalog/10000/owner=false/movies/cold=false/seed-owner=true,2,235,2522373.0,19812,2246262,11737,ec81334eaa77a7f099883506544f6b405bf7635e5aec3a4cb78424838f58cde9
draft-filtered,forward,warm,baseline-final,BenchmarkNativeMixedCatalog/10000/owner=false/movies/cold=false/seed-owner=true,3,228,2739676.0,19812,2246318,11737,ec81334eaa77a7f099883506544f6b405bf7635e5aec3a4cb78424838f58cde9
draft-filtered,forward,warm,baseline-final,BenchmarkNativeMixedCatalog/10000/owner=false/shows/cold=false/seed-owner=false,1,298,1863222.0,34009,1485018,2580,260cf15e81ea81984f52536eb6bd6d49256e84df11c83dbb63a17801d5c5e5a5
draft-filtered,forward,warm,baseline-final,BenchmarkNativeMixedCatalog/10000/owner=false/shows/cold=false/seed-owner=false,2,370,1616074.0,34009,1484090,2580,260cf15e81ea81984f52536eb6bd6d49256e84df11c83dbb63a17801d5c5e5a5
draft-filtered,forward,warm,baseline-final,BenchmarkNativeMixedCatalog/10000/owner=false/shows/cold=false/seed-owner=false,3,387,1649503.0,34009,1483622,2580,260cf15e81ea81984f52536eb6bd6d49256e84df11c83dbb63a17801d5c5e5a5
draft-filtered,forward,warm,baseline-final,BenchmarkNativeMixedCatalog/10000/owner=false/shows/cold=false/seed-owner=true,1,385,1655220.0,34009,1484031,2580,260cf15e81ea81984f52536eb6bd6d49256e84df11c83dbb63a17801d5c5e5a5
draft-filtered,forward,warm,baseline-final,BenchmarkNativeMixedCatalog/10000/owner=false/shows/cold=false/seed-owner=true,2,375,1632264.0,34009,1484893,2580,260cf15e81ea81984f52536eb6bd6d49256e84df11c83dbb63a17801d5c5e5a5
draft-filtered,forward,warm,baseline-final,BenchmarkNativeMixedCatalog/10000/owner=false/shows/cold=false/seed-owner=true,3,392,1642448.0,34009,1484002,2580,260cf15e81ea81984f52536eb6bd6d49256e84df11c83dbb63a17801d5c5e5a5
draft-filtered,forward,warm,baseline-final,BenchmarkNativeMixedCatalog/10000/owner=false/music/cold=false/seed-owner=false,1,301,1812913.0,19511,1757896,10486,88e61f1c1bad6b5e53da42aebcbafa7819def02d908f2dfbf8a50a2c0594844c
draft-filtered,forward,warm,baseline-final,BenchmarkNativeMixedCatalog/10000/owner=false/music/cold=false/seed-owner=false,2,332,1853311.0,19511,1757540,10486,88e61f1c1bad6b5e53da42aebcbafa7819def02d908f2dfbf8a50a2c0594844c
draft-filtered,forward,warm,baseline-final,BenchmarkNativeMixedCatalog/10000/owner=false/music/cold=false/seed-owner=false,3,309,1985500.0,19511,1757867,10486,88e61f1c1bad6b5e53da42aebcbafa7819def02d908f2dfbf8a50a2c0594844c
draft-filtered,forward,warm,baseline-final,BenchmarkNativeMixedCatalog/10000/owner=false/music/cold=false/seed-owner=true,1,307,1871092.0,19511,1758151,10486,88e61f1c1bad6b5e53da42aebcbafa7819def02d908f2dfbf8a50a2c0594844c
draft-filtered,forward,warm,baseline-final,BenchmarkNativeMixedCatalog/10000/owner=false/music/cold=false/seed-owner=true,2,349,1694994.0,19511,1758234,10486,88e61f1c1bad6b5e53da42aebcbafa7819def02d908f2dfbf8a50a2c0594844c
draft-filtered,forward,warm,baseline-final,BenchmarkNativeMixedCatalog/10000/owner=false/music/cold=false/seed-owner=true,3,332,1766534.0,19511,1758310,10486,88e61f1c1bad6b5e53da42aebcbafa7819def02d908f2dfbf8a50a2c0594844c
draft-filtered,forward,warm,baseline-final,BenchmarkNativeMixedCatalog/100000/owner=true/movies/cold=false/seed-owner=true,1,13,43255628.0,23814,38684058,225593,3edef7c2adaa829e5ca3563d3f441e9d65a274906b1d6084f962fbf56c0383cb
draft-filtered,forward,warm,baseline-final,BenchmarkNativeMixedCatalog/100000/owner=true/movies/cold=false/seed-owner=true,2,14,42434982.0,23814,38674029,225590,3edef7c2adaa829e5ca3563d3f441e9d65a274906b1d6084f962fbf56c0383cb
draft-filtered,forward,warm,baseline-final,BenchmarkNativeMixedCatalog/100000/owner=true/movies/cold=false/seed-owner=true,3,13,42553814.0,23814,38657763,225587,3edef7c2adaa829e5ca3563d3f441e9d65a274906b1d6084f962fbf56c0383cb
draft-filtered,forward,warm,baseline-final,BenchmarkNativeMixedCatalog/100000/owner=true/shows/cold=false/seed-owner=true,1,22,26513695.0,38011,16517977,32121,576100cb6dd5f2b0635fd575babda0c562222867a847e8235341384c4ea7ae0a
draft-filtered,forward,warm,baseline-final,BenchmarkNativeMixedCatalog/100000/owner=true/shows/cold=false/seed-owner=true,2,21,26759833.0,38011,16504913,32119,576100cb6dd5f2b0635fd575babda0c562222867a847e8235341384c4ea7ae0a
draft-filtered,forward,warm,baseline-final,BenchmarkNativeMixedCatalog/100000/owner=true/shows/cold=false/seed-owner=true,3,22,25777881.0,38011,16496724,32117,576100cb6dd5f2b0635fd575babda0c562222867a847e8235341384c4ea7ae0a
draft-filtered,forward,warm,baseline-final,BenchmarkNativeMixedCatalog/100000/owner=true/music/cold=false/seed-owner=true,1,18,31293667.0,23513,29070552,200590,6b130b184f0f0429d7e1e8f8e8013884c09a771529dbb996029faa09b7a08ef3
draft-filtered,forward,warm,baseline-final,BenchmarkNativeMixedCatalog/100000/owner=true/music/cold=false/seed-owner=true,2,19,30574969.0,23513,29069542,200590,6b130b184f0f0429d7e1e8f8e8013884c09a771529dbb996029faa09b7a08ef3
draft-filtered,forward,warm,baseline-final,BenchmarkNativeMixedCatalog/100000/owner=true/music/cold=false/seed-owner=true,3,18,30535789.0,23513,29077040,200592,6b130b184f0f0429d7e1e8f8e8013884c09a771529dbb996029faa09b7a08ef3
draft-filtered,forward,warm,baseline-final,BenchmarkNativeMixedCatalog/100000/owner=false/movies/cold=false/seed-owner=false,1,18,30539252.0,19814,20265516,112991,05d646cb84e3ba5e17c2b3e8a9d018151fd5a4a99118028d3cf6e66dd5525311
draft-filtered,forward,warm,baseline-final,BenchmarkNativeMixedCatalog/100000/owner=false/movies/cold=false/seed-owner=false,2,20,28895142.0,19814,20264078,112990,05d646cb84e3ba5e17c2b3e8a9d018151fd5a4a99118028d3cf6e66dd5525311
draft-filtered,forward,warm,baseline-final,BenchmarkNativeMixedCatalog/100000/owner=false/movies/cold=false/seed-owner=false,3,22,28270180.0,19814,20255149,112988,05d646cb84e3ba5e17c2b3e8a9d018151fd5a4a99118028d3cf6e66dd5525311
draft-filtered,forward,warm,baseline-final,BenchmarkNativeMixedCatalog/100000/owner=false/movies/cold=false/seed-owner=true,1,21,29078151.0,19814,20259401,112989,05d646cb84e3ba5e17c2b3e8a9d018151fd5a4a99118028d3cf6e66dd5525311
draft-filtered,forward,warm,baseline-final,BenchmarkNativeMixedCatalog/100000/owner=false/movies/cold=false/seed-owner=true,2,21,28894871.0,19814,20259402,112989,05d646cb84e3ba5e17c2b3e8a9d018151fd5a4a99118028d3cf6e66dd5525311
draft-filtered,forward,warm,baseline-final,BenchmarkNativeMixedCatalog/100000/owner=false/movies/cold=false/seed-owner=true,3,22,28137186.0,19814,20262903,112990,05d646cb84e3ba5e17c2b3e8a9d018151fd5a4a99118028d3cf6e66dd5525311
draft-filtered,forward,warm,baseline-final,BenchmarkNativeMixedCatalog/100000/owner=false/shows/cold=false/seed-owner=false,1,28,22013504.0,34011,12157296,19486,b824adda8e405859964671dafca4fd0a559087090e1122c9d8dfd1829e87ab41
draft-filtered,forward,warm,baseline-final,BenchmarkNativeMixedCatalog/100000/owner=false/shows/cold=false/seed-owner=false,2,24,23209826.0,34011,12147074,19484,b824adda8e405859964671dafca4fd0a559087090e1122c9d8dfd1829e87ab41
draft-filtered,forward,warm,baseline-final,BenchmarkNativeMixedCatalog/100000/owner=false/shows/cold=false/seed-owner=false,3,30,21232214.0,34011,12145754,19484,b824adda8e405859964671dafca4fd0a559087090e1122c9d8dfd1829e87ab41
draft-filtered,forward,warm,baseline-final,BenchmarkNativeMixedCatalog/100000/owner=false/shows/cold=false/seed-owner=true,1,30,19551439.0,34011,12156176,19485,b824adda8e405859964671dafca4fd0a559087090e1122c9d8dfd1829e87ab41
draft-filtered,forward,warm,baseline-final,BenchmarkNativeMixedCatalog/100000/owner=false/shows/cold=false/seed-owner=true,2,25,22276860.0,34011,12146807,19484,b824adda8e405859964671dafca4fd0a559087090e1122c9d8dfd1829e87ab41
draft-filtered,forward,warm,baseline-final,BenchmarkNativeMixedCatalog/100000/owner=false/shows/cold=false/seed-owner=true,3,32,18785457.0,34011,12160038,19486,b824adda8e405859964671dafca4fd0a559087090e1122c9d8dfd1829e87ab41
draft-filtered,forward,warm,baseline-final,BenchmarkNativeMixedCatalog/100000/owner=false/music/cold=false/seed-owner=false,1,32,20464915.0,19513,15453383,100490,a00b4d99c6789ce09d7a23abc92d7e8d5d1b68b63f6dbfe26c73e710fddd940e
draft-filtered,forward,warm,baseline-final,BenchmarkNativeMixedCatalog/100000/owner=false/music/cold=false/seed-owner=false,2,25,23010425.0,19513,15446929,100488,a00b4d99c6789ce09d7a23abc92d7e8d5d1b68b63f6dbfe26c73e710fddd940e
draft-filtered,forward,warm,baseline-final,BenchmarkNativeMixedCatalog/100000/owner=false/music/cold=false/seed-owner=false,3,24,20966988.0,19513,15447223,100488,a00b4d99c6789ce09d7a23abc92d7e8d5d1b68b63f6dbfe26c73e710fddd940e
draft-filtered,forward,warm,baseline-final,BenchmarkNativeMixedCatalog/100000/owner=false/music/cold=false/seed-owner=true,1,32,19949431.0,19513,15445300,100487,a00b4d99c6789ce09d7a23abc92d7e8d5d1b68b63f6dbfe26c73e710fddd940e
draft-filtered,forward,warm,baseline-final,BenchmarkNativeMixedCatalog/100000/owner=false/music/cold=false/seed-owner=true,2,31,20945046.0,19513,15442723,100486,a00b4d99c6789ce09d7a23abc92d7e8d5d1b68b63f6dbfe26c73e710fddd940e
draft-filtered,forward,warm,baseline-final,BenchmarkNativeMixedCatalog/100000/owner=false/music/cold=false/seed-owner=true,3,30,19813669.0,19513,15442817,100486,a00b4d99c6789ce09d7a23abc92d7e8d5d1b68b63f6dbfe26c73e710fddd940e
draft-filtered,forward,warm,candidate,BenchmarkNativeMixedCatalog/10000/owner=true/movies/cold=false/seed-owner=true,1,273,2070427.0,23812,2471102,18075,32fb9fc7742395782b46e1a1d87c57b3d0da504d4dc500f1808fb03ad8ccb32b
draft-filtered,forward,warm,candidate,BenchmarkNativeMixedCatalog/10000/owner=true/movies/cold=false/seed-owner=true,2,312,1979171.0,23812,2471568,18075,32fb9fc7742395782b46e1a1d87c57b3d0da504d4dc500f1808fb03ad8ccb32b
draft-filtered,forward,warm,candidate,BenchmarkNativeMixedCatalog/10000/owner=true/movies/cold=false/seed-owner=true,3,290,2017082.0,23812,2470978,18075,32fb9fc7742395782b46e1a1d87c57b3d0da504d4dc500f1808fb03ad8ccb32b
draft-filtered,forward,warm,candidate,BenchmarkNativeMixedCatalog/10000/owner=true/shows/cold=false/seed-owner=true,1,266,2237823.0,38009,1935147,3934,bc3d0ca8dfcbb4e8ec75438c071d7c37a63f3941908a8b5af86af3cdff3c42ac
draft-filtered,forward,warm,candidate,BenchmarkNativeMixedCatalog/10000/owner=true/shows/cold=false/seed-owner=true,2,276,2143503.0,38009,1933898,3934,bc3d0ca8dfcbb4e8ec75438c071d7c37a63f3941908a8b5af86af3cdff3c42ac
draft-filtered,forward,warm,candidate,BenchmarkNativeMixedCatalog/10000/owner=true/shows/cold=false/seed-owner=true,3,277,2191106.0,38009,1932771,3934,bc3d0ca8dfcbb4e8ec75438c071d7c37a63f3941908a8b5af86af3cdff3c42ac
draft-filtered,forward,warm,candidate,BenchmarkNativeMixedCatalog/10000/owner=true/music/cold=false/seed-owner=true,1,414,1553665.0,23511,2429710,18075,88b1f90aad51ddb58bde34312bfcadf5be689f3afbeae9aa19c4772cf7bea822
draft-filtered,forward,warm,candidate,BenchmarkNativeMixedCatalog/10000/owner=true/music/cold=false/seed-owner=true,2,367,1579795.0,23511,2430857,18075,88b1f90aad51ddb58bde34312bfcadf5be689f3afbeae9aa19c4772cf7bea822
draft-filtered,forward,warm,candidate,BenchmarkNativeMixedCatalog/10000/owner=true/music/cold=false/seed-owner=true,3,387,1549739.0,23511,2430122,18075,88b1f90aad51ddb58bde34312bfcadf5be689f3afbeae9aa19c4772cf7bea822
draft-filtered,forward,warm,candidate,BenchmarkNativeMixedCatalog/10000/owner=false/movies/cold=false/seed-owner=false,1,232,2580610.0,19812,2205338,11737,ec81334eaa77a7f099883506544f6b405bf7635e5aec3a4cb78424838f58cde9
draft-filtered,forward,warm,candidate,BenchmarkNativeMixedCatalog/10000/owner=false/movies/cold=false/seed-owner=false,2,231,2495711.0,19812,2206441,11737,ec81334eaa77a7f099883506544f6b405bf7635e5aec3a4cb78424838f58cde9
draft-filtered,forward,warm,candidate,BenchmarkNativeMixedCatalog/10000/owner=false/movies/cold=false/seed-owner=false,3,230,2540282.0,19812,2204971,11737,ec81334eaa77a7f099883506544f6b405bf7635e5aec3a4cb78424838f58cde9
draft-filtered,forward,warm,candidate,BenchmarkNativeMixedCatalog/10000/owner=false/movies/cold=false/seed-owner=true,1,512,1279829.0,19812,1382037,9225,ec81334eaa77a7f099883506544f6b405bf7635e5aec3a4cb78424838f58cde9
draft-filtered,forward,warm,candidate,BenchmarkNativeMixedCatalog/10000/owner=false/movies/cold=false/seed-owner=true,2,489,1366841.0,19812,1383100,9225,ec81334eaa77a7f099883506544f6b405bf7635e5aec3a4cb78424838f58cde9
draft-filtered,forward,warm,candidate,BenchmarkNativeMixedCatalog/10000/owner=false/movies/cold=false/seed-owner=true,3,457,1317781.0,19812,1382453,9225,ec81334eaa77a7f099883506544f6b405bf7635e5aec3a4cb78424838f58cde9
draft-filtered,forward,warm,candidate,BenchmarkNativeMixedCatalog/10000/owner=false/shows/cold=false/seed-owner=false,1,380,1678114.0,34009,1484461,2580,260cf15e81ea81984f52536eb6bd6d49256e84df11c83dbb63a17801d5c5e5a5
draft-filtered,forward,warm,candidate,BenchmarkNativeMixedCatalog/10000/owner=false/shows/cold=false/seed-owner=false,2,370,1631344.0,34009,1484090,2580,260cf15e81ea81984f52536eb6bd6d49256e84df11c83dbb63a17801d5c5e5a5
draft-filtered,forward,warm,candidate,BenchmarkNativeMixedCatalog/10000/owner=false/shows/cold=false/seed-owner=false,3,403,1589700.0,34009,1484343,2580,260cf15e81ea81984f52536eb6bd6d49256e84df11c83dbb63a17801d5c5e5a5
draft-filtered,forward,warm,candidate,BenchmarkNativeMixedCatalog/10000/owner=false/shows/cold=false/seed-owner=true,1,376,1630500.0,34009,1484071,2580,260cf15e81ea81984f52536eb6bd6d49256e84df11c83dbb63a17801d5c5e5a5
draft-filtered,forward,warm,candidate,BenchmarkNativeMixedCatalog/10000/owner=false/shows/cold=false/seed-owner=true,2,373,1666432.0,34009,1484491,2580,260cf15e81ea81984f52536eb6bd6d49256e84df11c83dbb63a17801d5c5e5a5
draft-filtered,forward,warm,candidate,BenchmarkNativeMixedCatalog/10000/owner=false/shows/cold=false/seed-owner=true,3,396,1599968.0,34009,1485159,2580,260cf15e81ea81984f52536eb6bd6d49256e84df11c83dbb63a17801d5c5e5a5
draft-filtered,forward,warm,candidate,BenchmarkNativeMixedCatalog/10000/owner=false/music/cold=false/seed-owner=false,1,360,1683560.0,19511,1696512,10486,88e61f1c1bad6b5e53da42aebcbafa7819def02d908f2dfbf8a50a2c0594844c
draft-filtered,forward,warm,candidate,BenchmarkNativeMixedCatalog/10000/owner=false/music/cold=false/seed-owner=false,2,354,1660823.0,19511,1696050,10486,88e61f1c1bad6b5e53da42aebcbafa7819def02d908f2dfbf8a50a2c0594844c
draft-filtered,forward,warm,candidate,BenchmarkNativeMixedCatalog/10000/owner=false/music/cold=false/seed-owner=false,3,326,1746452.0,19511,1696891,10486,88e61f1c1bad6b5e53da42aebcbafa7819def02d908f2dfbf8a50a2c0594844c
draft-filtered,forward,warm,candidate,BenchmarkNativeMixedCatalog/10000/owner=false/music/cold=false/seed-owner=true,1,723,952476.0,19511,1341455,9225,88e61f1c1bad6b5e53da42aebcbafa7819def02d908f2dfbf8a50a2c0594844c
draft-filtered,forward,warm,candidate,BenchmarkNativeMixedCatalog/10000/owner=false/music/cold=false/seed-owner=true,2,720,935916.0,19511,1341340,9225,88e61f1c1bad6b5e53da42aebcbafa7819def02d908f2dfbf8a50a2c0594844c
draft-filtered,forward,warm,candidate,BenchmarkNativeMixedCatalog/10000/owner=false/music/cold=false/seed-owner=true,3,724,955139.0,19511,1341690,9225,88e61f1c1bad6b5e53da42aebcbafa7819def02d908f2dfbf8a50a2c0594844c
draft-filtered,forward,warm,candidate,BenchmarkNativeMixedCatalog/100000/owner=true/movies/cold=false/seed-owner=true,1,25,25231282.0,23814,22639224,175577,3edef7c2adaa829e5ca3563d3f441e9d65a274906b1d6084f962fbf56c0383cb
draft-filtered,forward,warm,candidate,BenchmarkNativeMixedCatalog/100000/owner=true/movies/cold=false/seed-owner=true,2,25,25003442.0,23814,22639110,175577,3edef7c2adaa829e5ca3563d3f441e9d65a274906b1d6084f962fbf56c0383cb
draft-filtered,forward,warm,candidate,BenchmarkNativeMixedCatalog/100000/owner=true/movies/cold=false/seed-owner=true,3,24,24658368.0,23814,22644244,175578,3edef7c2adaa829e5ca3563d3f441e9d65a274906b1d6084f962fbf56c0383cb
draft-filtered,forward,warm,candidate,BenchmarkNativeMixedCatalog/100000/owner=true/shows/cold=false/seed-owner=true,1,22,26659657.0,38011,16496859,32117,576100cb6dd5f2b0635fd575babda0c562222867a847e8235341384c4ea7ae0a
draft-filtered,forward,warm,candidate,BenchmarkNativeMixedCatalog/100000/owner=true/shows/cold=false/seed-owner=true,2,20,28798192.0,38011,16490400,32116,576100cb6dd5f2b0635fd575babda0c562222867a847e8235341384c4ea7ae0a
draft-filtered,forward,warm,candidate,BenchmarkNativeMixedCatalog/100000/owner=true/shows/cold=false/seed-owner=true,3,21,27237075.0,38011,16490159,32116,576100cb6dd5f2b0635fd575babda0c562222867a847e8235341384c4ea7ae0a
draft-filtered,forward,warm,candidate,BenchmarkNativeMixedCatalog/100000/owner=true/music/cold=false/seed-owner=true,1,30,19559624.0,23513,22252047,175578,6b130b184f0f0429d7e1e8f8e8013884c09a771529dbb996029faa09b7a08ef3
draft-filtered,forward,warm,candidate,BenchmarkNativeMixedCatalog/100000/owner=true/music/cold=false/seed-owner=true,2,30,19634586.0,23513,22244454,175576,6b130b184f0f0429d7e1e8f8e8013884c09a771529dbb996029faa09b7a08ef3
draft-filtered,forward,warm,candidate,BenchmarkNativeMixedCatalog/100000/owner=true/music/cold=false/seed-owner=true,3,31,19059817.0,23513,22247877,175577,6b130b184f0f0429d7e1e8f8e8013884c09a771529dbb996029faa09b7a08ef3
draft-filtered,forward,warm,candidate,BenchmarkNativeMixedCatalog/100000/owner=false/movies/cold=false/seed-owner=false,1,15,37001353.0,19814,19849925,112987,05d646cb84e3ba5e17c2b3e8a9d018151fd5a4a99118028d3cf6e66dd5525311
draft-filtered,forward,warm,candidate,BenchmarkNativeMixedCatalog/100000/owner=false/movies/cold=false/seed-owner=false,2,16,35611562.0,19814,19860580,112990,05d646cb84e3ba5e17c2b3e8a9d018151fd5a4a99118028d3cf6e66dd5525311
draft-filtered,forward,warm,candidate,BenchmarkNativeMixedCatalog/100000/owner=false/movies/cold=false/seed-owner=false,3,19,35947075.0,19814,19858862,112989,05d646cb84e3ba5e17c2b3e8a9d018151fd5a4a99118028d3cf6e66dd5525311
draft-filtered,forward,warm,candidate,BenchmarkNativeMixedCatalog/100000/owner=false/movies/cold=false/seed-owner=true,1,28,25209497.0,19814,11825629,87975,05d646cb84e3ba5e17c2b3e8a9d018151fd5a4a99118028d3cf6e66dd5525311
draft-filtered,forward,warm,candidate,BenchmarkNativeMixedCatalog/100000/owner=false/movies/cold=false/seed-owner=true,2,26,21895252.0,19814,11825864,87975,05d646cb84e3ba5e17c2b3e8a9d018151fd5a4a99118028d3cf6e66dd5525311
draft-filtered,forward,warm,candidate,BenchmarkNativeMixedCatalog/100000/owner=false/movies/cold=false/seed-owner=true,3,30,21569858.0,19814,11822679,87975,05d646cb84e3ba5e17c2b3e8a9d018151fd5a4a99118028d3cf6e66dd5525311
draft-filtered,forward,warm,candidate,BenchmarkNativeMixedCatalog/100000/owner=false/shows/cold=false/seed-owner=false,1,26,21657252.0,34011,12158480,19486,b824adda8e405859964671dafca4fd0a559087090e1122c9d8dfd1829e87ab41
draft-filtered,forward,warm,candidate,BenchmarkNativeMixedCatalog/100000/owner=false/shows/cold=false/seed-owner=false,2,33,21468157.0,34011,12154754,19485,b824adda8e405859964671dafca4fd0a559087090e1122c9d8dfd1829e87ab41
draft-filtered,forward,warm,candidate,BenchmarkNativeMixedCatalog/100000/owner=false/shows/cold=false/seed-owner=false,3,33,19547652.0,34011,12159449,19486,b824adda8e405859964671dafca4fd0a559087090e1122c9d8dfd1829e87ab41
draft-filtered,forward,warm,candidate,BenchmarkNativeMixedCatalog/100000/owner=false/shows/cold=false/seed-owner=true,1,32,18784490.0,34011,12155108,19485,b824adda8e405859964671dafca4fd0a559087090e1122c9d8dfd1829e87ab41
draft-filtered,forward,warm,candidate,BenchmarkNativeMixedCatalog/100000/owner=false/shows/cold=false/seed-owner=true,2,32,18375203.0,34011,12159952,19486,b824adda8e405859964671dafca4fd0a559087090e1122c9d8dfd1829e87ab41
draft-filtered,forward,warm,candidate,BenchmarkNativeMixedCatalog/100000/owner=false/shows/cold=false/seed-owner=true,3,31,19081414.0,34011,12150581,19484,b824adda8e405859964671dafca4fd0a559087090e1122c9d8dfd1829e87ab41
draft-filtered,forward,warm,candidate,BenchmarkNativeMixedCatalog/100000/owner=false/music/cold=false/seed-owner=false,1,25,23929043.0,19513,14848913,100488,a00b4d99c6789ce09d7a23abc92d7e8d5d1b68b63f6dbfe26c73e710fddd940e
draft-filtered,forward,warm,candidate,BenchmarkNativeMixedCatalog/100000/owner=false/music/cold=false/seed-owner=false,2,24,23255575.0,19513,14849089,100488,a00b4d99c6789ce09d7a23abc92d7e8d5d1b68b63f6dbfe26c73e710fddd940e
draft-filtered,forward,warm,candidate,BenchmarkNativeMixedCatalog/100000/owner=false/music/cold=false/seed-owner=false,3,25,23174622.0,19513,14848922,100488,a00b4d99c6789ce09d7a23abc92d7e8d5d1b68b63f6dbfe26c73e710fddd940e
draft-filtered,forward,warm,candidate,BenchmarkNativeMixedCatalog/100000/owner=false/music/cold=false/seed-owner=true,1,42,13491626.0,19513,11429437,87975,a00b4d99c6789ce09d7a23abc92d7e8d5d1b68b63f6dbfe26c73e710fddd940e
draft-filtered,forward,warm,candidate,BenchmarkNativeMixedCatalog/100000/owner=false/music/cold=false/seed-owner=true,2,46,13826376.0,19513,11433138,87976,a00b4d99c6789ce09d7a23abc92d7e8d5d1b68b63f6dbfe26c73e710fddd940e
draft-filtered,forward,warm,candidate,BenchmarkNativeMixedCatalog/100000/owner=false/music/cold=false/seed-owner=true,3,45,13371694.0,19513,11431326,87975,a00b4d99c6789ce09d7a23abc92d7e8d5d1b68b63f6dbfe26c73e710fddd940e
draft-filtered,forward,cold,baseline-final,BenchmarkNativeMixedCatalog/10000/owner=true/movies/cold=true/seed-owner=true,1,10,4458496.0,23812,4093928,23084,32fb9fc7742395782b46e1a1d87c57b3d0da504d4dc500f1808fb03ad8ccb32b
draft-filtered,forward,cold,baseline-final,BenchmarkNativeMixedCatalog/10000/owner=true/movies/cold=true/seed-owner=true,2,10,4140317.0,23812,4105322,23086,32fb9fc7742395782b46e1a1d87c57b3d0da504d4dc500f1808fb03ad8ccb32b
draft-filtered,forward,cold,baseline-final,BenchmarkNativeMixedCatalog/10000/owner=true/movies/cold=true/seed-owner=true,3,10,4160804.0,23812,4093928,23084,32fb9fc7742395782b46e1a1d87c57b3d0da504d4dc500f1808fb03ad8ccb32b
draft-filtered,forward,cold,baseline-final,BenchmarkNativeMixedCatalog/10000/owner=true/shows/cold=true/seed-owner=true,1,10,2207029.0,38009,1931472,3931,bc3d0ca8dfcbb4e8ec75438c071d7c37a63f3941908a8b5af86af3cdff3c42ac
draft-filtered,forward,cold,baseline-final,BenchmarkNativeMixedCatalog/10000/owner=true/shows/cold=true/seed-owner=true,2,10,2293600.0,38009,1931472,3931,bc3d0ca8dfcbb4e8ec75438c071d7c37a63f3941908a8b5af86af3cdff3c42ac
draft-filtered,forward,cold,baseline-final,BenchmarkNativeMixedCatalog/10000/owner=true/shows/cold=true/seed-owner=true,3,10,2231663.0,38009,1931472,3931,bc3d0ca8dfcbb4e8ec75438c071d7c37a63f3941908a8b5af86af3cdff3c42ac
draft-filtered,forward,cold,baseline-final,BenchmarkNativeMixedCatalog/10000/owner=true/music/cold=true/seed-owner=true,1,10,2787029.0,23511,3126760,20583,88b1f90aad51ddb58bde34312bfcadf5be689f3afbeae9aa19c4772cf7bea822
draft-filtered,forward,cold,baseline-final,BenchmarkNativeMixedCatalog/10000/owner=true/music/cold=true/seed-owner=true,2,10,2864796.0,23511,3126760,20583,88b1f90aad51ddb58bde34312bfcadf5be689f3afbeae9aa19c4772cf7bea822
draft-filtered,forward,cold,baseline-final,BenchmarkNativeMixedCatalog/10000/owner=true/music/cold=true/seed-owner=true,3,10,2777317.0,23511,3126760,20583,88b1f90aad51ddb58bde34312bfcadf5be689f3afbeae9aa19c4772cf7bea822
draft-filtered,forward,cold,baseline-final,BenchmarkNativeMixedCatalog/10000/owner=false/movies/cold=true/seed-owner=false,1,10,2510679.0,19812,2244264,11734,ec81334eaa77a7f099883506544f6b405bf7635e5aec3a4cb78424838f58cde9
draft-filtered,forward,cold,baseline-final,BenchmarkNativeMixedCatalog/10000/owner=false/movies/cold=true/seed-owner=false,2,10,2472654.0,19812,2244264,11734,ec81334eaa77a7f099883506544f6b405bf7635e5aec3a4cb78424838f58cde9
draft-filtered,forward,cold,baseline-final,BenchmarkNativeMixedCatalog/10000/owner=false/movies/cold=true/seed-owner=false,3,10,2394446.0,19812,2244264,11734,ec81334eaa77a7f099883506544f6b405bf7635e5aec3a4cb78424838f58cde9
draft-filtered,forward,cold,baseline-final,BenchmarkNativeMixedCatalog/10000/owner=false/shows/cold=true/seed-owner=false,1,10,1627567.0,34009,1482240,2577,260cf15e81ea81984f52536eb6bd6d49256e84df11c83dbb63a17801d5c5e5a5
draft-filtered,forward,cold,baseline-final,BenchmarkNativeMixedCatalog/10000/owner=false/shows/cold=true/seed-owner=false,2,10,1746975.0,34009,1482240,2577,260cf15e81ea81984f52536eb6bd6d49256e84df11c83dbb63a17801d5c5e5a5
draft-filtered,forward,cold,baseline-final,BenchmarkNativeMixedCatalog/10000/owner=false/shows/cold=true/seed-owner=false,3,10,1688812.0,34009,1482240,2577,260cf15e81ea81984f52536eb6bd6d49256e84df11c83dbb63a17801d5c5e5a5
draft-filtered,forward,cold,baseline-final,BenchmarkNativeMixedCatalog/10000/owner=false/music/cold=true/seed-owner=false,1,10,1816338.0,19511,1756584,10483,88e61f1c1bad6b5e53da42aebcbafa7819def02d908f2dfbf8a50a2c0594844c
draft-filtered,forward,cold,baseline-final,BenchmarkNativeMixedCatalog/10000/owner=false/music/cold=true/seed-owner=false,2,10,1874279.0,19511,1756584,10483,88e61f1c1bad6b5e53da42aebcbafa7819def02d908f2dfbf8a50a2c0594844c
draft-filtered,forward,cold,baseline-final,BenchmarkNativeMixedCatalog/10000/owner=false/music/cold=true/seed-owner=false,3,10,1780442.0,19511,1756584,10483,88e61f1c1bad6b5e53da42aebcbafa7819def02d908f2dfbf8a50a2c0594844c
draft-filtered,forward,cold,baseline-final,BenchmarkNativeMixedCatalog/100000/owner=true/movies/cold=true/seed-owner=true,1,10,46111967.0,23814,38715230,225597,3edef7c2adaa829e5ca3563d3f441e9d65a274906b1d6084f962fbf56c0383cb
draft-filtered,forward,cold,baseline-final,BenchmarkNativeMixedCatalog/100000/owner=true/movies/cold=true/seed-owner=true,2,10,41848188.0,23814,38715211,225597,3edef7c2adaa829e5ca3563d3f441e9d65a274906b1d6084f962fbf56c0383cb
draft-filtered,forward,cold,baseline-final,BenchmarkNativeMixedCatalog/100000/owner=true/movies/cold=true/seed-owner=true,3,10,44540500.0,23814,38681029,225590,3edef7c2adaa829e5ca3563d3f441e9d65a274906b1d6084f962fbf56c0383cb
draft-filtered,forward,cold,baseline-final,BenchmarkNativeMixedCatalog/100000/owner=true/shows/cold=true/seed-owner=true,1,10,25020042.0,38011,16545170,32123,576100cb6dd5f2b0635fd575babda0c562222867a847e8235341384c4ea7ae0a
draft-filtered,forward,cold,baseline-final,BenchmarkNativeMixedCatalog/100000/owner=true/shows/cold=true/seed-owner=true,2,10,24263533.0,38011,16514188,32118,576100cb6dd5f2b0635fd575babda0c562222867a847e8235341384c4ea7ae0a
draft-filtered,forward,cold,baseline-final,BenchmarkNativeMixedCatalog/100000/owner=true/shows/cold=true/seed-owner=true,3,10,23435096.0,38011,16514186,32118,576100cb6dd5f2b0635fd575babda0c562222867a847e8235341384c4ea7ae0a
draft-filtered,forward,cold,baseline-final,BenchmarkNativeMixedCatalog/100000/owner=true/music/cold=true/seed-owner=true,1,10,28535046.0,23513,29086281,200591,6b130b184f0f0429d7e1e8f8e8013884c09a771529dbb996029faa09b7a08ef3
draft-filtered,forward,cold,baseline-final,BenchmarkNativeMixedCatalog/100000/owner=true/music/cold=true/seed-owner=true,2,10,28357146.0,23513,29063489,200586,6b130b184f0f0429d7e1e8f8e8013884c09a771529dbb996029faa09b7a08ef3
draft-filtered,forward,cold,baseline-final,BenchmarkNativeMixedCatalog/100000/owner=true/music/cold=true/seed-owner=true,3,10,28422779.0,23513,29086276,200591,6b130b184f0f0429d7e1e8f8e8013884c09a771529dbb996029faa09b7a08ef3
draft-filtered,forward,cold,baseline-final,BenchmarkNativeMixedCatalog/100000/owner=false/movies/cold=true/seed-owner=false,1,10,27165900.0,19814,20277419,112992,05d646cb84e3ba5e17c2b3e8a9d018151fd5a4a99118028d3cf6e66dd5525311
draft-filtered,forward,cold,baseline-final,BenchmarkNativeMixedCatalog/100000/owner=false/movies/cold=true/seed-owner=false,2,10,28461196.0,19814,20277420,112992,05d646cb84e3ba5e17c2b3e8a9d018151fd5a4a99118028d3cf6e66dd5525311
draft-filtered,forward,cold,baseline-final,BenchmarkNativeMixedCatalog/100000/owner=false/movies/cold=true/seed-owner=false,3,10,27328058.0,19814,20277419,112992,05d646cb84e3ba5e17c2b3e8a9d018151fd5a4a99118028d3cf6e66dd5525311
draft-filtered,forward,cold,baseline-final,BenchmarkNativeMixedCatalog/100000/owner=false/shows/cold=true/seed-owner=false,1,10,18909596.0,34011,12156678,19483,b824adda8e405859964671dafca4fd0a559087090e1122c9d8dfd1829e87ab41
draft-filtered,forward,cold,baseline-final,BenchmarkNativeMixedCatalog/100000/owner=false/shows/cold=true/seed-owner=false,2,10,18212466.0,34011,12187659,19489,b824adda8e405859964671dafca4fd0a559087090e1122c9d8dfd1829e87ab41
draft-filtered,forward,cold,baseline-final,BenchmarkNativeMixedCatalog/100000/owner=false/shows/cold=true/seed-owner=false,3,10,26322225.0,34011,12187678,19489,b824adda8e405859964671dafca4fd0a559087090e1122c9d8dfd1829e87ab41
draft-filtered,forward,cold,baseline-final,BenchmarkNativeMixedCatalog/100000/owner=false/music/cold=true/seed-owner=false,1,10,20823112.0,19513,15466153,100491,a00b4d99c6789ce09d7a23abc92d7e8d5d1b68b63f6dbfe26c73e710fddd940e
draft-filtered,forward,cold,baseline-final,BenchmarkNativeMixedCatalog/100000/owner=false/music/cold=true/seed-owner=false,2,10,19473875.0,19513,15466153,100491,a00b4d99c6789ce09d7a23abc92d7e8d5d1b68b63f6dbfe26c73e710fddd940e
draft-filtered,forward,cold,baseline-final,BenchmarkNativeMixedCatalog/100000/owner=false/music/cold=true/seed-owner=false,3,10,19754200.0,19513,15457629,100489,a00b4d99c6789ce09d7a23abc92d7e8d5d1b68b63f6dbfe26c73e710fddd940e
draft-filtered,forward,cold,candidate,BenchmarkNativeMixedCatalog/10000/owner=true/movies/cold=true/seed-owner=true,1,10,4520621.0,23812,4053400,23087,32fb9fc7742395782b46e1a1d87c57b3d0da504d4dc500f1808fb03ad8ccb32b
draft-filtered,forward,cold,candidate,BenchmarkNativeMixedCatalog/10000/owner=true/movies/cold=true/seed-owner=true,2,10,4409883.0,23812,4053400,23087,32fb9fc7742395782b46e1a1d87c57b3d0da504d4dc500f1808fb03ad8ccb32b
draft-filtered,forward,cold,candidate,BenchmarkNativeMixedCatalog/10000/owner=true/movies/cold=true/seed-owner=true,3,10,3944075.0,23812,4053400,23087,32fb9fc7742395782b46e1a1d87c57b3d0da504d4dc500f1808fb03ad8ccb32b
draft-filtered,forward,cold,candidate,BenchmarkNativeMixedCatalog/10000/owner=true/shows/cold=true/seed-owner=true,1,10,2403400.0,38009,1946964,3933,bc3d0ca8dfcbb4e8ec75438c071d7c37a63f3941908a8b5af86af3cdff3c42ac
draft-filtered,forward,cold,candidate,BenchmarkNativeMixedCatalog/10000/owner=true/shows/cold=true/seed-owner=true,2,10,2352512.0,38009,1931472,3931,bc3d0ca8dfcbb4e8ec75438c071d7c37a63f3941908a8b5af86af3cdff3c42ac
draft-filtered,forward,cold,candidate,BenchmarkNativeMixedCatalog/10000/owner=true/shows/cold=true/seed-owner=true,3,10,2286196.0,38009,1931476,3931,bc3d0ca8dfcbb4e8ec75438c071d7c37a63f3941908a8b5af86af3cdff3c42ac
draft-filtered,forward,cold,candidate,BenchmarkNativeMixedCatalog/10000/owner=true/music/cold=true/seed-owner=true,1,10,2864375.0,23511,3065752,20586,88b1f90aad51ddb58bde34312bfcadf5be689f3afbeae9aa19c4772cf7bea822
draft-filtered,forward,cold,candidate,BenchmarkNativeMixedCatalog/10000/owner=true/music/cold=true/seed-owner=true,2,10,2577625.0,23511,3065752,20586,88b1f90aad51ddb58bde34312bfcadf5be689f3afbeae9aa19c4772cf7bea822
draft-filtered,forward,cold,candidate,BenchmarkNativeMixedCatalog/10000/owner=true/music/cold=true/seed-owner=true,3,10,2805175.0,23511,3065752,20586,88b1f90aad51ddb58bde34312bfcadf5be689f3afbeae9aa19c4772cf7bea822
draft-filtered,forward,cold,candidate,BenchmarkNativeMixedCatalog/10000/owner=false/movies/cold=true/seed-owner=false,1,10,2681479.0,19812,2203304,11734,ec81334eaa77a7f099883506544f6b405bf7635e5aec3a4cb78424838f58cde9
draft-filtered,forward,cold,candidate,BenchmarkNativeMixedCatalog/10000/owner=false/movies/cold=true/seed-owner=false,2,10,2404717.0,19812,2203304,11734,ec81334eaa77a7f099883506544f6b405bf7635e5aec3a4cb78424838f58cde9
draft-filtered,forward,cold,candidate,BenchmarkNativeMixedCatalog/10000/owner=false/movies/cold=true/seed-owner=false,3,10,2405104.0,19812,2203304,11734,ec81334eaa77a7f099883506544f6b405bf7635e5aec3a4cb78424838f58cde9
draft-filtered,forward,cold,candidate,BenchmarkNativeMixedCatalog/10000/owner=false/shows/cold=true/seed-owner=false,1,10,1800512.0,34009,1482240,2577,260cf15e81ea81984f52536eb6bd6d49256e84df11c83dbb63a17801d5c5e5a5
draft-filtered,forward,cold,candidate,BenchmarkNativeMixedCatalog/10000/owner=false/shows/cold=true/seed-owner=false,2,10,1872238.0,34009,1482240,2577,260cf15e81ea81984f52536eb6bd6d49256e84df11c83dbb63a17801d5c5e5a5
draft-filtered,forward,cold,candidate,BenchmarkNativeMixedCatalog/10000/owner=false/shows/cold=true/seed-owner=false,3,10,1831021.0,34009,1482240,2577,260cf15e81ea81984f52536eb6bd6d49256e84df11c83dbb63a17801d5c5e5a5
draft-filtered,forward,cold,candidate,BenchmarkNativeMixedCatalog/10000/owner=false/music/cold=true/seed-owner=false,1,10,1562529.0,19511,1703672,10485,88e61f1c1bad6b5e53da42aebcbafa7819def02d908f2dfbf8a50a2c0594844c
draft-filtered,forward,cold,candidate,BenchmarkNativeMixedCatalog/10000/owner=false/music/cold=true/seed-owner=false,2,10,1518992.0,19511,1695144,10483,88e61f1c1bad6b5e53da42aebcbafa7819def02d908f2dfbf8a50a2c0594844c
draft-filtered,forward,cold,candidate,BenchmarkNativeMixedCatalog/10000/owner=false/music/cold=true/seed-owner=false,3,10,1590087.0,19511,1695144,10483,88e61f1c1bad6b5e53da42aebcbafa7819def02d908f2dfbf8a50a2c0594844c
draft-filtered,forward,cold,candidate,BenchmarkNativeMixedCatalog/100000/owner=true/movies/cold=true/seed-owner=true,1,10,46464567.0,23814,38291451,225595,3edef7c2adaa829e5ca3563d3f441e9d65a274906b1d6084f962fbf56c0383cb
draft-filtered,forward,cold,candidate,BenchmarkNativeMixedCatalog/100000/owner=true/movies/cold=true/seed-owner=true,2,10,46046875.0,23814,38280052,225593,3edef7c2adaa829e5ca3563d3f441e9d65a274906b1d6084f962fbf56c0383cb
draft-filtered,forward,cold,candidate,BenchmarkNativeMixedCatalog/100000/owner=true/movies/cold=true/seed-owner=true,3,10,48717042.0,23814,38291446,225595,3edef7c2adaa829e5ca3563d3f441e9d65a274906b1d6084f962fbf56c0383cb
draft-filtered,forward,cold,candidate,BenchmarkNativeMixedCatalog/100000/owner=true/shows/cold=true/seed-owner=true,1,10,24094775.0,38011,16498697,32115,576100cb6dd5f2b0635fd575babda0c562222867a847e8235341384c4ea7ae0a
draft-filtered,forward,cold,candidate,BenchmarkNativeMixedCatalog/100000/owner=true/shows/cold=true/seed-owner=true,2,10,23811133.0,38011,16529396,32120,576100cb6dd5f2b0635fd575babda0c562222867a847e8235341384c4ea7ae0a
draft-filtered,forward,cold,candidate,BenchmarkNativeMixedCatalog/100000/owner=true/shows/cold=true/seed-owner=true,3,10,24114658.0,38011,16529676,32121,576100cb6dd5f2b0635fd575babda0c562222867a847e8235341384c4ea7ae0a
draft-filtered,forward,cold,candidate,BenchmarkNativeMixedCatalog/100000/owner=true/music/cold=true/seed-owner=true,1,10,30037567.0,23513,28477298,200592,6b130b184f0f0429d7e1e8f8e8013884c09a771529dbb996029faa09b7a08ef3
draft-filtered,forward,cold,candidate,BenchmarkNativeMixedCatalog/100000/owner=true/music/cold=true/seed-owner=true,2,10,30507225.0,23513,28488697,200594,6b130b184f0f0429d7e1e8f8e8013884c09a771529dbb996029faa09b7a08ef3
draft-filtered,forward,cold,candidate,BenchmarkNativeMixedCatalog/100000/owner=true/music/cold=true/seed-owner=true,3,10,30341121.0,23513,28477298,200592,6b130b184f0f0429d7e1e8f8e8013884c09a771529dbb996029faa09b7a08ef3
draft-filtered,forward,cold,candidate,BenchmarkNativeMixedCatalog/100000/owner=false/movies/cold=true/seed-owner=false,1,10,29452304.0,19814,19876009,112992,05d646cb84e3ba5e17c2b3e8a9d018151fd5a4a99118028d3cf6e66dd5525311
draft-filtered,forward,cold,candidate,BenchmarkNativeMixedCatalog/100000/owner=false/movies/cold=true/seed-owner=false,2,10,29623850.0,19814,19867485,112990,05d646cb84e3ba5e17c2b3e8a9d018151fd5a4a99118028d3cf6e66dd5525311
draft-filtered,forward,cold,candidate,BenchmarkNativeMixedCatalog/100000/owner=false/movies/cold=true/seed-owner=false,3,10,30111342.0,19814,19876012,112992,05d646cb84e3ba5e17c2b3e8a9d018151fd5a4a99118028d3cf6e66dd5525311
draft-filtered,forward,cold,candidate,BenchmarkNativeMixedCatalog/100000/owner=false/shows/cold=true/seed-owner=false,1,10,17848108.0,34011,12187659,19489,b824adda8e405859964671dafca4fd0a559087090e1122c9d8dfd1829e87ab41
draft-filtered,forward,cold,candidate,BenchmarkNativeMixedCatalog/100000/owner=false/shows/cold=true/seed-owner=false,2,10,17085125.0,34011,12187662,19489,b824adda8e405859964671dafca4fd0a559087090e1122c9d8dfd1829e87ab41
draft-filtered,forward,cold,candidate,BenchmarkNativeMixedCatalog/100000/owner=false/shows/cold=true/seed-owner=false,3,10,18915958.0,34011,12203156,19491,b824adda8e405859964671dafca4fd0a559087090e1122c9d8dfd1829e87ab41
draft-filtered,forward,cold,candidate,BenchmarkNativeMixedCatalog/100000/owner=false/music/cold=true/seed-owner=false,1,10,21971858.0,19513,14868137,100491,a00b4d99c6789ce09d7a23abc92d7e8d5d1b68b63f6dbfe26c73e710fddd940e
draft-filtered,forward,cold,candidate,BenchmarkNativeMixedCatalog/100000/owner=false/music/cold=true/seed-owner=false,2,10,22597880.0,19513,14859610,100489,a00b4d99c6789ce09d7a23abc92d7e8d5d1b68b63f6dbfe26c73e710fddd940e
draft-filtered,forward,cold,candidate,BenchmarkNativeMixedCatalog/100000/owner=false/music/cold=true/seed-owner=false,3,10,22129604.0,19513,14885193,100496,a00b4d99c6789ce09d7a23abc92d7e8d5d1b68b63f6dbfe26c73e710fddd940e
draft-filtered,reverse,warm,candidate,BenchmarkNativeMixedCatalog/10000/owner=true/movies/cold=false/seed-owner=true,1,295,1971209.0,23812,2470559,18075,32fb9fc7742395782b46e1a1d87c57b3d0da504d4dc500f1808fb03ad8ccb32b
draft-filtered,reverse,warm,candidate,BenchmarkNativeMixedCatalog/10000/owner=true/movies/cold=false/seed-owner=true,2,332,1923083.0,23812,2471764,18075,32fb9fc7742395782b46e1a1d87c57b3d0da504d4dc500f1808fb03ad8ccb32b
draft-filtered,reverse,warm,candidate,BenchmarkNativeMixedCatalog/10000/owner=true/movies/cold=false/seed-owner=true,3,285,2099141.0,23812,2470613,18075,32fb9fc7742395782b46e1a1d87c57b3d0da504d4dc500f1808fb03ad8ccb32b
draft-filtered,reverse,warm,candidate,BenchmarkNativeMixedCatalog/10000/owner=true/shows/cold=false/seed-owner=true,1,265,2179156.0,38009,1933993,3934,bc3d0ca8dfcbb4e8ec75438c071d7c37a63f3941908a8b5af86af3cdff3c42ac
draft-filtered,reverse,warm,candidate,BenchmarkNativeMixedCatalog/10000/owner=true/shows/cold=false/seed-owner=true,2,276,2188309.0,38009,1935030,3934,bc3d0ca8dfcbb4e8ec75438c071d7c37a63f3941908a8b5af86af3cdff3c42ac
draft-filtered,reverse,warm,candidate,BenchmarkNativeMixedCatalog/10000/owner=true/shows/cold=false/seed-owner=true,3,268,2196411.0,38009,1935121,3934,bc3d0ca8dfcbb4e8ec75438c071d7c37a63f3941908a8b5af86af3cdff3c42ac
draft-filtered,reverse,warm,candidate,BenchmarkNativeMixedCatalog/10000/owner=true/music/cold=false/seed-owner=true,1,411,1500412.0,23511,2430277,18075,88b1f90aad51ddb58bde34312bfcadf5be689f3afbeae9aa19c4772cf7bea822
draft-filtered,reverse,warm,candidate,BenchmarkNativeMixedCatalog/10000/owner=true/music/cold=false/seed-owner=true,2,400,1538783.0,23511,2430909,18075,88b1f90aad51ddb58bde34312bfcadf5be689f3afbeae9aa19c4772cf7bea822
draft-filtered,reverse,warm,candidate,BenchmarkNativeMixedCatalog/10000/owner=true/music/cold=false/seed-owner=true,3,390,1544451.0,23511,2430105,18075,88b1f90aad51ddb58bde34312bfcadf5be689f3afbeae9aa19c4772cf7bea822
draft-filtered,reverse,warm,candidate,BenchmarkNativeMixedCatalog/10000/owner=false/movies/cold=false/seed-owner=false,1,211,2622332.0,19812,2205107,11737,ec81334eaa77a7f099883506544f6b405bf7635e5aec3a4cb78424838f58cde9
draft-filtered,reverse,warm,candidate,BenchmarkNativeMixedCatalog/10000/owner=false/movies/cold=false/seed-owner=false,2,248,2486968.0,19812,2204530,11737,ec81334eaa77a7f099883506544f6b405bf7635e5aec3a4cb78424838f58cde9
draft-filtered,reverse,warm,candidate,BenchmarkNativeMixedCatalog/10000/owner=false/movies/cold=false/seed-owner=false,3,234,2497734.0,19812,2204946,11737,ec81334eaa77a7f099883506544f6b405bf7635e5aec3a4cb78424838f58cde9
draft-filtered,reverse,warm,candidate,BenchmarkNativeMixedCatalog/10000/owner=false/movies/cold=false/seed-owner=true,1,536,1279946.0,19812,1382500,9225,ec81334eaa77a7f099883506544f6b405bf7635e5aec3a4cb78424838f58cde9
draft-filtered,reverse,warm,candidate,BenchmarkNativeMixedCatalog/10000/owner=false/movies/cold=false/seed-owner=true,2,531,1233428.0,19812,1382507,9225,ec81334eaa77a7f099883506544f6b405bf7635e5aec3a4cb78424838f58cde9
draft-filtered,reverse,warm,candidate,BenchmarkNativeMixedCatalog/10000/owner=false/movies/cold=false/seed-owner=true,3,522,1218030.0,19812,1382358,9225,ec81334eaa77a7f099883506544f6b405bf7635e5aec3a4cb78424838f58cde9
draft-filtered,reverse,warm,candidate,BenchmarkNativeMixedCatalog/10000/owner=false/shows/cold=false/seed-owner=false,1,400,1634659.0,34009,1485519,2580,260cf15e81ea81984f52536eb6bd6d49256e84df11c83dbb63a17801d5c5e5a5
draft-filtered,reverse,warm,candidate,BenchmarkNativeMixedCatalog/10000/owner=false/shows/cold=false/seed-owner=false,2,369,1627300.0,34009,1483675,2580,260cf15e81ea81984f52536eb6bd6d49256e84df11c83dbb63a17801d5c5e5a5
draft-filtered,reverse,warm,candidate,BenchmarkNativeMixedCatalog/10000/owner=false/shows/cold=false/seed-owner=false,3,390,1664643.0,34009,1484010,2580,260cf15e81ea81984f52536eb6bd6d49256e84df11c83dbb63a17801d5c5e5a5
draft-filtered,reverse,warm,candidate,BenchmarkNativeMixedCatalog/10000/owner=false/shows/cold=false/seed-owner=true,1,373,1677547.0,34009,1482831,2580,260cf15e81ea81984f52536eb6bd6d49256e84df11c83dbb63a17801d5c5e5a5
draft-filtered,reverse,warm,candidate,BenchmarkNativeMixedCatalog/10000/owner=false/shows/cold=false/seed-owner=true,2,381,1620194.0,34009,1483228,2580,260cf15e81ea81984f52536eb6bd6d49256e84df11c83dbb63a17801d5c5e5a5
draft-filtered,reverse,warm,candidate,BenchmarkNativeMixedCatalog/10000/owner=false/shows/cold=false/seed-owner=true,3,400,1631910.0,34009,1483583,2580,260cf15e81ea81984f52536eb6bd6d49256e84df11c83dbb63a17801d5c5e5a5
draft-filtered,reverse,warm,candidate,BenchmarkNativeMixedCatalog/10000/owner=false/music/cold=false/seed-owner=false,1,376,1624882.0,19511,1696460,10486,88e61f1c1bad6b5e53da42aebcbafa7819def02d908f2dfbf8a50a2c0594844c
draft-filtered,reverse,warm,candidate,BenchmarkNativeMixedCatalog/10000/owner=false/music/cold=false/seed-owner=false,2,342,2108614.0,19511,1696825,10486,88e61f1c1bad6b5e53da42aebcbafa7819def02d908f2dfbf8a50a2c0594844c
draft-filtered,reverse,warm,candidate,BenchmarkNativeMixedCatalog/10000/owner=false/music/cold=false/seed-owner=false,3,340,1628594.0,19511,1696081,10486,88e61f1c1bad6b5e53da42aebcbafa7819def02d908f2dfbf8a50a2c0594844c
draft-filtered,reverse,warm,candidate,BenchmarkNativeMixedCatalog/10000/owner=false/music/cold=false/seed-owner=true,1,532,1095559.0,19511,1341866,9225,88e61f1c1bad6b5e53da42aebcbafa7819def02d908f2dfbf8a50a2c0594844c
draft-filtered,reverse,warm,candidate,BenchmarkNativeMixedCatalog/10000/owner=false/music/cold=false/seed-owner=true,2,717,936349.0,19511,1341818,9225,88e61f1c1bad6b5e53da42aebcbafa7819def02d908f2dfbf8a50a2c0594844c
draft-filtered,reverse,warm,candidate,BenchmarkNativeMixedCatalog/10000/owner=false/music/cold=false/seed-owner=true,3,684,918882.0,19511,1341496,9225,88e61f1c1bad6b5e53da42aebcbafa7819def02d908f2dfbf8a50a2c0594844c
draft-filtered,reverse,warm,candidate,BenchmarkNativeMixedCatalog/100000/owner=true/movies/cold=false/seed-owner=true,1,22,24910144.0,23814,22645549,175578,3edef7c2adaa829e5ca3563d3f441e9d65a274906b1d6084f962fbf56c0383cb
draft-filtered,reverse,warm,candidate,BenchmarkNativeMixedCatalog/100000/owner=true/movies/cold=false/seed-owner=true,2,25,23602952.0,23814,22643668,175578,3edef7c2adaa829e5ca3563d3f441e9d65a274906b1d6084f962fbf56c0383cb
draft-filtered,reverse,warm,candidate,BenchmarkNativeMixedCatalog/100000/owner=true/movies/cold=false/seed-owner=true,3,26,23134538.0,23814,22643138,175578,3edef7c2adaa829e5ca3563d3f441e9d65a274906b1d6084f962fbf56c0383cb
draft-filtered,reverse,warm,candidate,BenchmarkNativeMixedCatalog/100000/owner=true/shows/cold=false/seed-owner=true,1,24,24740773.0,38011,16495540,32117,576100cb6dd5f2b0635fd575babda0c562222867a847e8235341384c4ea7ae0a
draft-filtered,reverse,warm,candidate,BenchmarkNativeMixedCatalog/100000/owner=true/shows/cold=false/seed-owner=true,2,21,24912831.0,38011,16504777,32118,576100cb6dd5f2b0635fd575babda0c562222867a847e8235341384c4ea7ae0a
draft-filtered,reverse,warm,candidate,BenchmarkNativeMixedCatalog/100000/owner=true/shows/cold=false/seed-owner=true,3,24,24819674.0,38011,16495659,32117,576100cb6dd5f2b0635fd575babda0c562222867a847e8235341384c4ea7ae0a
draft-filtered,reverse,warm,candidate,BenchmarkNativeMixedCatalog/100000/owner=true/music/cold=false/seed-owner=true,1,31,18130177.0,23513,22247787,175577,6b130b184f0f0429d7e1e8f8e8013884c09a771529dbb996029faa09b7a08ef3
draft-filtered,reverse,warm,candidate,BenchmarkNativeMixedCatalog/100000/owner=true/music/cold=false/seed-owner=true,2,34,17394219.0,23513,22250237,175578,6b130b184f0f0429d7e1e8f8e8013884c09a771529dbb996029faa09b7a08ef3
draft-filtered,reverse,warm,candidate,BenchmarkNativeMixedCatalog/100000/owner=true/music/cold=false/seed-owner=true,3,31,17971497.0,23513,22240528,175576,6b130b184f0f0429d7e1e8f8e8013884c09a771529dbb996029faa09b7a08ef3
draft-filtered,reverse,warm,candidate,BenchmarkNativeMixedCatalog/100000/owner=false/movies/cold=false/seed-owner=false,1,19,31097489.0,19814,19854376,112988,05d646cb84e3ba5e17c2b3e8a9d018151fd5a4a99118028d3cf6e66dd5525311
draft-filtered,reverse,warm,candidate,BenchmarkNativeMixedCatalog/100000/owner=false/movies/cold=false/seed-owner=false,2,19,34519033.0,19814,19859019,112990,05d646cb84e3ba5e17c2b3e8a9d018151fd5a4a99118028d3cf6e66dd5525311
draft-filtered,reverse,warm,candidate,BenchmarkNativeMixedCatalog/100000/owner=false/movies/cold=false/seed-owner=false,3,19,32775695.0,19814,19863501,112991,05d646cb84e3ba5e17c2b3e8a9d018151fd5a4a99118028d3cf6e66dd5525311
draft-filtered,reverse,warm,candidate,BenchmarkNativeMixedCatalog/100000/owner=false/movies/cold=false/seed-owner=true,1,33,19099532.0,19814,11825254,87975,05d646cb84e3ba5e17c2b3e8a9d018151fd5a4a99118028d3cf6e66dd5525311
draft-filtered,reverse,warm,candidate,BenchmarkNativeMixedCatalog/100000/owner=false/movies/cold=false/seed-owner=true,2,32,18839944.0,19814,11830668,87977,05d646cb84e3ba5e17c2b3e8a9d018151fd5a4a99118028d3cf6e66dd5525311
draft-filtered,reverse,warm,candidate,BenchmarkNativeMixedCatalog/100000/owner=false/movies/cold=false/seed-owner=true,3,31,19278820.0,19814,11825427,87975,05d646cb84e3ba5e17c2b3e8a9d018151fd5a4a99118028d3cf6e66dd5525311
draft-filtered,reverse,warm,candidate,BenchmarkNativeMixedCatalog/100000/owner=false/shows/cold=false/seed-owner=false,1,32,17883634.0,34011,12150267,19484,b824adda8e405859964671dafca4fd0a559087090e1122c9d8dfd1829e87ab41
draft-filtered,reverse,warm,candidate,BenchmarkNativeMixedCatalog/100000/owner=false/shows/cold=false/seed-owner=false,2,27,18607674.0,34011,12163550,19487,b824adda8e405859964671dafca4fd0a559087090e1122c9d8dfd1829e87ab41
draft-filtered,reverse,warm,candidate,BenchmarkNativeMixedCatalog/100000/owner=false/shows/cold=false/seed-owner=false,3,33,18840667.0,34011,12159448,19486,b824adda8e405859964671dafca4fd0a559087090e1122c9d8dfd1829e87ab41
draft-filtered,reverse,warm,candidate,BenchmarkNativeMixedCatalog/100000/owner=false/shows/cold=false/seed-owner=true,1,32,18335518.0,34011,12150266,19484,b824adda8e405859964671dafca4fd0a559087090e1122c9d8dfd1829e87ab41
draft-filtered,reverse,warm,candidate,BenchmarkNativeMixedCatalog/100000/owner=false/shows/cold=false/seed-owner=true,2,32,19199552.0,34011,12159948,19486,b824adda8e405859964671dafca4fd0a559087090e1122c9d8dfd1829e87ab41
draft-filtered,reverse,warm,candidate,BenchmarkNativeMixedCatalog/100000/owner=false/shows/cold=false/seed-owner=true,3,32,18610529.0,34011,12155108,19485,b824adda8e405859964671dafca4fd0a559087090e1122c9d8dfd1829e87ab41
draft-filtered,reverse,warm,candidate,BenchmarkNativeMixedCatalog/100000/owner=false/music/cold=false/seed-owner=false,1,24,22627533.0,19513,14845536,100487,a00b4d99c6789ce09d7a23abc92d7e8d5d1b68b63f6dbfe26c73e710fddd940e
draft-filtered,reverse,warm,candidate,BenchmarkNativeMixedCatalog/100000/owner=false/music/cold=false/seed-owner=false,2,28,22572616.0,19513,14851204,100488,a00b4d99c6789ce09d7a23abc92d7e8d5d1b68b63f6dbfe26c73e710fddd940e
draft-filtered,reverse,warm,candidate,BenchmarkNativeMixedCatalog/100000/owner=false/music/cold=false/seed-owner=false,3,26,22846798.0,19513,14851923,100489,a00b4d99c6789ce09d7a23abc92d7e8d5d1b68b63f6dbfe26c73e710fddd940e
draft-filtered,reverse,warm,candidate,BenchmarkNativeMixedCatalog/100000/owner=false/music/cold=false/seed-owner=true,1,45,13397180.0,19513,11431327,87975,a00b4d99c6789ce09d7a23abc92d7e8d5d1b68b63f6dbfe26c73e710fddd940e
draft-filtered,reverse,warm,candidate,BenchmarkNativeMixedCatalog/100000/owner=false/music/cold=false/seed-owner=true,2,44,13552442.0,19513,11435247,87976,a00b4d99c6789ce09d7a23abc92d7e8d5d1b68b63f6dbfe26c73e710fddd940e
draft-filtered,reverse,warm,candidate,BenchmarkNativeMixedCatalog/100000/owner=false/music/cold=false/seed-owner=true,3,44,13018526.0,19513,11433309,87976,a00b4d99c6789ce09d7a23abc92d7e8d5d1b68b63f6dbfe26c73e710fddd940e
draft-filtered,reverse,warm,baseline-final,BenchmarkNativeMixedCatalog/10000/owner=true/movies/cold=false/seed-owner=true,1,134,4291042.0,23812,4100082,23088,32fb9fc7742395782b46e1a1d87c57b3d0da504d4dc500f1808fb03ad8ccb32b
draft-filtered,reverse,warm,baseline-final,BenchmarkNativeMixedCatalog/10000/owner=true/movies/cold=false/seed-owner=true,2,141,4105108.0,23812,4096553,23087,32fb9fc7742395782b46e1a1d87c57b3d0da504d4dc500f1808fb03ad8ccb32b
draft-filtered,reverse,warm,baseline-final,BenchmarkNativeMixedCatalog/10000/owner=true/movies/cold=false/seed-owner=true,3,144,4169628.0,23812,4099686,23088,32fb9fc7742395782b46e1a1d87c57b3d0da504d4dc500f1808fb03ad8ccb32b
draft-filtered,reverse,warm,baseline-final,BenchmarkNativeMixedCatalog/10000/owner=true/shows/cold=false/seed-owner=true,1,271,2162475.0,38009,1933939,3934,bc3d0ca8dfcbb4e8ec75438c071d7c37a63f3941908a8b5af86af3cdff3c42ac
draft-filtered,reverse,warm,baseline-final,BenchmarkNativeMixedCatalog/10000/owner=true/shows/cold=false/seed-owner=true,2,282,2091341.0,38009,1934398,3934,bc3d0ca8dfcbb4e8ec75438c071d7c37a63f3941908a8b5af86af3cdff3c42ac
draft-filtered,reverse,warm,baseline-final,BenchmarkNativeMixedCatalog/10000/owner=true/shows/cold=false/seed-owner=true,3,286,2098056.0,38009,1933277,3934,bc3d0ca8dfcbb4e8ec75438c071d7c37a63f3941908a8b5af86af3cdff3c42ac
draft-filtered,reverse,warm,baseline-final,BenchmarkNativeMixedCatalog/10000/owner=true/music/cold=false/seed-owner=true,1,230,2714220.0,23511,3129434,20586,88b1f90aad51ddb58bde34312bfcadf5be689f3afbeae9aa19c4772cf7bea822
draft-filtered,reverse,warm,baseline-final,BenchmarkNativeMixedCatalog/10000/owner=true/music/cold=false/seed-owner=true,2,228,2674055.0,23511,3130455,20586,88b1f90aad51ddb58bde34312bfcadf5be689f3afbeae9aa19c4772cf7bea822
draft-filtered,reverse,warm,baseline-final,BenchmarkNativeMixedCatalog/10000/owner=true/music/cold=false/seed-owner=true,3,216,2758305.0,23511,3129069,20586,88b1f90aad51ddb58bde34312bfcadf5be689f3afbeae9aa19c4772cf7bea822
draft-filtered,reverse,warm,baseline-final,BenchmarkNativeMixedCatalog/10000/owner=false/movies/cold=false/seed-owner=false,1,242,2491237.0,19812,2245868,11737,ec81334eaa77a7f099883506544f6b405bf7635e5aec3a4cb78424838f58cde9
draft-filtered,reverse,warm,baseline-final,BenchmarkNativeMixedCatalog/10000/owner=false/movies/cold=false/seed-owner=false,2,242,2421995.0,19812,2246209,11737,ec81334eaa77a7f099883506544f6b405bf7635e5aec3a4cb78424838f58cde9
draft-filtered,reverse,warm,baseline-final,BenchmarkNativeMixedCatalog/10000/owner=false/movies/cold=false/seed-owner=false,3,253,2420918.0,19812,2245794,11737,ec81334eaa77a7f099883506544f6b405bf7635e5aec3a4cb78424838f58cde9
draft-filtered,reverse,warm,baseline-final,BenchmarkNativeMixedCatalog/10000/owner=false/movies/cold=false/seed-owner=true,1,236,2453287.0,19812,2246977,11737,ec81334eaa77a7f099883506544f6b405bf7635e5aec3a4cb78424838f58cde9
draft-filtered,reverse,warm,baseline-final,BenchmarkNativeMixedCatalog/10000/owner=false/movies/cold=false/seed-owner=true,2,244,2425066.0,19812,2246893,11737,ec81334eaa77a7f099883506544f6b405bf7635e5aec3a4cb78424838f58cde9
draft-filtered,reverse,warm,baseline-final,BenchmarkNativeMixedCatalog/10000/owner=false/movies/cold=false/seed-owner=true,3,248,2386106.0,19812,2246510,11737,ec81334eaa77a7f099883506544f6b405bf7635e5aec3a4cb78424838f58cde9
draft-filtered,reverse,warm,baseline-final,BenchmarkNativeMixedCatalog/10000/owner=false/shows/cold=false/seed-owner=false,1,408,1577958.0,34009,1485629,2580,260cf15e81ea81984f52536eb6bd6d49256e84df11c83dbb63a17801d5c5e5a5
draft-filtered,reverse,warm,baseline-final,BenchmarkNativeMixedCatalog/10000/owner=false/shows/cold=false/seed-owner=false,2,391,1648155.0,34009,1486383,2580,260cf15e81ea81984f52536eb6bd6d49256e84df11c83dbb63a17801d5c5e5a5
draft-filtered,reverse,warm,baseline-final,BenchmarkNativeMixedCatalog/10000/owner=false/shows/cold=false/seed-owner=false,3,381,1618602.0,34009,1483634,2580,260cf15e81ea81984f52536eb6bd6d49256e84df11c83dbb63a17801d5c5e5a5
draft-filtered,reverse,warm,baseline-final,BenchmarkNativeMixedCatalog/10000/owner=false/shows/cold=false/seed-owner=true,1,403,1639022.0,34009,1484343,2580,260cf15e81ea81984f52536eb6bd6d49256e84df11c83dbb63a17801d5c5e5a5
draft-filtered,reverse,warm,baseline-final,BenchmarkNativeMixedCatalog/10000/owner=false/shows/cold=false/seed-owner=true,2,384,1586828.0,34009,1484028,2580,260cf15e81ea81984f52536eb6bd6d49256e84df11c83dbb63a17801d5c5e5a5
draft-filtered,reverse,warm,baseline-final,BenchmarkNativeMixedCatalog/10000/owner=false/shows/cold=false/seed-owner=true,3,408,1617278.0,34009,1484319,2580,260cf15e81ea81984f52536eb6bd6d49256e84df11c83dbb63a17801d5c5e5a5
draft-filtered,reverse,warm,baseline-final,BenchmarkNativeMixedCatalog/10000/owner=false/music/cold=false/seed-owner=false,1,326,1705377.0,19511,1758331,10486,88e61f1c1bad6b5e53da42aebcbafa7819def02d908f2dfbf8a50a2c0594844c
draft-filtered,reverse,warm,baseline-final,BenchmarkNativeMixedCatalog/10000/owner=false/music/cold=false/seed-owner=false,2,348,1713372.0,19511,1757748,10486,88e61f1c1bad6b5e53da42aebcbafa7819def02d908f2dfbf8a50a2c0594844c
draft-filtered,reverse,warm,baseline-final,BenchmarkNativeMixedCatalog/10000/owner=false/music/cold=false/seed-owner=false,3,324,1754808.0,19511,1757823,10486,88e61f1c1bad6b5e53da42aebcbafa7819def02d908f2dfbf8a50a2c0594844c
draft-filtered,reverse,warm,baseline-final,BenchmarkNativeMixedCatalog/10000/owner=false/music/cold=false/seed-owner=true,1,320,1774417.0,19511,1757562,10486,88e61f1c1bad6b5e53da42aebcbafa7819def02d908f2dfbf8a50a2c0594844c
draft-filtered,reverse,warm,baseline-final,BenchmarkNativeMixedCatalog/10000/owner=false/music/cold=false/seed-owner=true,2,354,1694827.0,19511,1758455,10486,88e61f1c1bad6b5e53da42aebcbafa7819def02d908f2dfbf8a50a2c0594844c
draft-filtered,reverse,warm,baseline-final,BenchmarkNativeMixedCatalog/10000/owner=false/music/cold=false/seed-owner=true,3,331,1759791.0,19511,1758573,10486,88e61f1c1bad6b5e53da42aebcbafa7819def02d908f2dfbf8a50a2c0594844c
draft-filtered,reverse,warm,baseline-final,BenchmarkNativeMixedCatalog/100000/owner=true/movies/cold=false/seed-owner=true,1,13,42473455.0,23814,38657763,225587,3edef7c2adaa829e5ca3563d3f441e9d65a274906b1d6084f962fbf56c0383cb
draft-filtered,reverse,warm,baseline-final,BenchmarkNativeMixedCatalog/100000/owner=true/movies/cold=false/seed-owner=true,2,14,41296312.0,23814,38674025,225590,3edef7c2adaa829e5ca3563d3f441e9d65a274906b1d6084f962fbf56c0383cb
draft-filtered,reverse,warm,baseline-final,BenchmarkNativeMixedCatalog/100000/owner=true/movies/cold=false/seed-owner=true,3,14,40994536.0,23814,38665886,225589,3edef7c2adaa829e5ca3563d3f441e9d65a274906b1d6084f962fbf56c0383cb
draft-filtered,reverse,warm,baseline-final,BenchmarkNativeMixedCatalog/100000/owner=true/shows/cold=false/seed-owner=true,1,25,23265332.0,38011,16507410,32119,576100cb6dd5f2b0635fd575babda0c562222867a847e8235341384c4ea7ae0a
draft-filtered,reverse,warm,baseline-final,BenchmarkNativeMixedCatalog/100000/owner=true/shows/cold=false/seed-owner=true,2,26,25082736.0,38011,16506453,32119,576100cb6dd5f2b0635fd575babda0c562222867a847e8235341384c4ea7ae0a
draft-filtered,reverse,warm,baseline-final,BenchmarkNativeMixedCatalog/100000/owner=true/shows/cold=false/seed-owner=true,3,25,23717735.0,38011,16507410,32119,576100cb6dd5f2b0635fd575babda0c562222867a847e8235341384c4ea7ae0a
draft-filtered,reverse,warm,baseline-final,BenchmarkNativeMixedCatalog/100000/owner=true/music/cold=false/seed-owner=true,1,20,28077552.0,23513,29074332,200591,6b130b184f0f0429d7e1e8f8e8013884c09a771529dbb996029faa09b7a08ef3
draft-filtered,reverse,warm,baseline-final,BenchmarkNativeMixedCatalog/100000/owner=true/music/cold=false/seed-owner=true,2,20,28234342.0,23513,29074332,200591,6b130b184f0f0429d7e1e8f8e8013884c09a771529dbb996029faa09b7a08ef3
draft-filtered,reverse,warm,baseline-final,BenchmarkNativeMixedCatalog/100000/owner=true/music/cold=false/seed-owner=true,3,20,28271456.0,23513,29068634,200589,6b130b184f0f0429d7e1e8f8e8013884c09a771529dbb996029faa09b7a08ef3
draft-filtered,reverse,warm,baseline-final,BenchmarkNativeMixedCatalog/100000/owner=false/movies/cold=false/seed-owner=false,1,21,27666103.0,19814,20263599,112990,05d646cb84e3ba5e17c2b3e8a9d018151fd5a4a99118028d3cf6e66dd5525311
draft-filtered,reverse,warm,baseline-final,BenchmarkNativeMixedCatalog/100000/owner=false/movies/cold=false/seed-owner=false,2,20,29164369.0,19814,20268483,112992,05d646cb84e3ba5e17c2b3e8a9d018151fd5a4a99118028d3cf6e66dd5525311
draft-filtered,reverse,warm,baseline-final,BenchmarkNativeMixedCatalog/100000/owner=false/movies/cold=false/seed-owner=false,3,21,28037075.0,19814,20259537,112989,05d646cb84e3ba5e17c2b3e8a9d018151fd5a4a99118028d3cf6e66dd5525311
draft-filtered,reverse,warm,baseline-final,BenchmarkNativeMixedCatalog/100000/owner=false/movies/cold=false/seed-owner=true,1,21,27361183.0,19814,20255342,112988,05d646cb84e3ba5e17c2b3e8a9d018151fd5a4a99118028d3cf6e66dd5525311
draft-filtered,reverse,warm,baseline-final,BenchmarkNativeMixedCatalog/100000/owner=false/movies/cold=false/seed-owner=true,2,22,27176856.0,19814,20259025,112989,05d646cb84e3ba5e17c2b3e8a9d018151fd5a4a99118028d3cf6e66dd5525311
draft-filtered,reverse,warm,baseline-final,BenchmarkNativeMixedCatalog/100000/owner=false/movies/cold=false/seed-owner=true,3,22,27144002.0,19814,20255156,112988,05d646cb84e3ba5e17c2b3e8a9d018151fd5a4a99118028d3cf6e66dd5525311
draft-filtered,reverse,warm,baseline-final,BenchmarkNativeMixedCatalog/100000/owner=false/shows/cold=false/seed-owner=false,1,33,18173929.0,34011,12159445,19486,b824adda8e405859964671dafca4fd0a559087090e1122c9d8dfd1829e87ab41
draft-filtered,reverse,warm,baseline-final,BenchmarkNativeMixedCatalog/100000/owner=false/shows/cold=false/seed-owner=false,2,27,19849148.0,34011,12157918,19486,b824adda8e405859964671dafca4fd0a559087090e1122c9d8dfd1829e87ab41
draft-filtered,reverse,warm,baseline-final,BenchmarkNativeMixedCatalog/100000/owner=false/shows/cold=false/seed-owner=false,3,36,18276258.0,34011,12153563,19485,b824adda8e405859964671dafca4fd0a559087090e1122c9d8dfd1829e87ab41
draft-filtered,reverse,warm,baseline-final,BenchmarkNativeMixedCatalog/100000/owner=false/shows/cold=false/seed-owner=true,1,31,18994930.0,34011,12150582,19484,b824adda8e405859964671dafca4fd0a559087090e1122c9d8dfd1829e87ab41
draft-filtered,reverse,warm,baseline-final,BenchmarkNativeMixedCatalog/100000/owner=false/shows/cold=false/seed-owner=true,2,31,17927251.0,34011,12150582,19484,b824adda8e405859964671dafca4fd0a559087090e1122c9d8dfd1829e87ab41
draft-filtered,reverse,warm,baseline-final,BenchmarkNativeMixedCatalog/100000/owner=false/shows/cold=false/seed-owner=true,3,33,18223176.0,34011,12164143,19487,b824adda8e405859964671dafca4fd0a559087090e1122c9d8dfd1829e87ab41
draft-filtered,reverse,warm,baseline-final,BenchmarkNativeMixedCatalog/100000/owner=false/music/cold=false/seed-owner=false,1,31,20822444.0,19513,15442818,100487,a00b4d99c6789ce09d7a23abc92d7e8d5d1b68b63f6dbfe26c73e710fddd940e
draft-filtered,reverse,warm,baseline-final,BenchmarkNativeMixedCatalog/100000/owner=false/music/cold=false/seed-owner=false,2,30,19087626.0,19513,15445754,100487,a00b4d99c6789ce09d7a23abc92d7e8d5d1b68b63f6dbfe26c73e710fddd940e
draft-filtered,reverse,warm,baseline-final,BenchmarkNativeMixedCatalog/100000/owner=false/music/cold=false/seed-owner=false,3,31,19582726.0,19513,15451067,100489,a00b4d99c6789ce09d7a23abc92d7e8d5d1b68b63f6dbfe26c73e710fddd940e
draft-filtered,reverse,warm,baseline-final,BenchmarkNativeMixedCatalog/100000/owner=false/music/cold=false/seed-owner=true,1,32,19155245.0,19513,15445303,100487,a00b4d99c6789ce09d7a23abc92d7e8d5d1b68b63f6dbfe26c73e710fddd940e
draft-filtered,reverse,warm,baseline-final,BenchmarkNativeMixedCatalog/100000/owner=false/music/cold=false/seed-owner=true,2,32,19014954.0,19513,15447963,100488,a00b4d99c6789ce09d7a23abc92d7e8d5d1b68b63f6dbfe26c73e710fddd940e
draft-filtered,reverse,warm,baseline-final,BenchmarkNativeMixedCatalog/100000/owner=false/music/cold=false/seed-owner=true,3,33,19000322.0,19513,15439967,100486,a00b4d99c6789ce09d7a23abc92d7e8d5d1b68b63f6dbfe26c73e710fddd940e
draft-filtered,reverse,cold,candidate,BenchmarkNativeMixedCatalog/10000/owner=true/movies/cold=true/seed-owner=true,1,10,4620033.0,23812,4053400,23087,32fb9fc7742395782b46e1a1d87c57b3d0da504d4dc500f1808fb03ad8ccb32b
draft-filtered,reverse,cold,candidate,BenchmarkNativeMixedCatalog/10000/owner=true/movies/cold=true/seed-owner=true,2,10,3829650.0,23812,4053400,23087,32fb9fc7742395782b46e1a1d87c57b3d0da504d4dc500f1808fb03ad8ccb32b
draft-filtered,reverse,cold,candidate,BenchmarkNativeMixedCatalog/10000/owner=true/movies/cold=true/seed-owner=true,3,10,3688013.0,23812,4053400,23087,32fb9fc7742395782b46e1a1d87c57b3d0da504d4dc500f1808fb03ad8ccb32b
draft-filtered,reverse,cold,candidate,BenchmarkNativeMixedCatalog/10000/owner=true/shows/cold=true/seed-owner=true,1,10,2112700.0,38009,1931472,3931,bc3d0ca8dfcbb4e8ec75438c071d7c37a63f3941908a8b5af86af3cdff3c42ac
draft-filtered,reverse,cold,candidate,BenchmarkNativeMixedCatalog/10000/owner=true/shows/cold=true/seed-owner=true,2,10,2178829.0,38009,1946962,3933,bc3d0ca8dfcbb4e8ec75438c071d7c37a63f3941908a8b5af86af3cdff3c42ac
draft-filtered,reverse,cold,candidate,BenchmarkNativeMixedCatalog/10000/owner=true/shows/cold=true/seed-owner=true,3,10,2423042.0,38009,1931473,3931,bc3d0ca8dfcbb4e8ec75438c071d7c37a63f3941908a8b5af86af3cdff3c42ac
draft-filtered,reverse,cold,candidate,BenchmarkNativeMixedCatalog/10000/owner=true/music/cold=true/seed-owner=true,1,10,2409783.0,23511,3065752,20586,88b1f90aad51ddb58bde34312bfcadf5be689f3afbeae9aa19c4772cf7bea822
draft-filtered,reverse,cold,candidate,BenchmarkNativeMixedCatalog/10000/owner=true/music/cold=true/seed-owner=true,2,10,2364875.0,23511,3065752,20586,88b1f90aad51ddb58bde34312bfcadf5be689f3afbeae9aa19c4772cf7bea822
draft-filtered,reverse,cold,candidate,BenchmarkNativeMixedCatalog/10000/owner=true/music/cold=true/seed-owner=true,3,10,2376992.0,23511,3065752,20586,88b1f90aad51ddb58bde34312bfcadf5be689f3afbeae9aa19c4772cf7bea822
draft-filtered,reverse,cold,candidate,BenchmarkNativeMixedCatalog/10000/owner=false/movies/cold=true/seed-owner=false,1,10,2328104.0,19812,2203304,11734,ec81334eaa77a7f099883506544f6b405bf7635e5aec3a4cb78424838f58cde9
draft-filtered,reverse,cold,candidate,BenchmarkNativeMixedCatalog/10000/owner=false/movies/cold=true/seed-owner=false,2,10,2234963.0,19812,2203304,11734,ec81334eaa77a7f099883506544f6b405bf7635e5aec3a4cb78424838f58cde9
draft-filtered,reverse,cold,candidate,BenchmarkNativeMixedCatalog/10000/owner=false/movies/cold=true/seed-owner=false,3,10,2357375.0,19812,2203304,11734,ec81334eaa77a7f099883506544f6b405bf7635e5aec3a4cb78424838f58cde9
draft-filtered,reverse,cold,candidate,BenchmarkNativeMixedCatalog/10000/owner=false/shows/cold=true/seed-owner=false,1,10,1612879.0,34009,1482240,2577,260cf15e81ea81984f52536eb6bd6d49256e84df11c83dbb63a17801d5c5e5a5
draft-filtered,reverse,cold,candidate,BenchmarkNativeMixedCatalog/10000/owner=false/shows/cold=true/seed-owner=false,2,10,1735942.0,34009,1482240,2577,260cf15e81ea81984f52536eb6bd6d49256e84df11c83dbb63a17801d5c5e5a5
draft-filtered,reverse,cold,candidate,BenchmarkNativeMixedCatalog/10000/owner=false/shows/cold=true/seed-owner=false,3,10,1651721.0,34009,1482240,2577,260cf15e81ea81984f52536eb6bd6d49256e84df11c83dbb63a17801d5c5e5a5
draft-filtered,reverse,cold,candidate,BenchmarkNativeMixedCatalog/10000/owner=false/music/cold=true/seed-owner=false,1,10,1471550.0,19511,1695144,10483,88e61f1c1bad6b5e53da42aebcbafa7819def02d908f2dfbf8a50a2c0594844c
draft-filtered,reverse,cold,candidate,BenchmarkNativeMixedCatalog/10000/owner=false/music/cold=true/seed-owner=false,2,10,1595275.0,19511,1695144,10483,88e61f1c1bad6b5e53da42aebcbafa7819def02d908f2dfbf8a50a2c0594844c
draft-filtered,reverse,cold,candidate,BenchmarkNativeMixedCatalog/10000/owner=false/music/cold=true/seed-owner=false,3,10,1493604.0,19511,1695144,10483,88e61f1c1bad6b5e53da42aebcbafa7819def02d908f2dfbf8a50a2c0594844c
draft-filtered,reverse,cold,candidate,BenchmarkNativeMixedCatalog/100000/owner=true/movies/cold=true/seed-owner=true,1,10,44595008.0,23814,38280055,225593,3edef7c2adaa829e5ca3563d3f441e9d65a274906b1d6084f962fbf56c0383cb
draft-filtered,reverse,cold,candidate,BenchmarkNativeMixedCatalog/100000/owner=true/movies/cold=true/seed-owner=true,2,10,43656125.0,23814,38314249,225600,3edef7c2adaa829e5ca3563d3f441e9d65a274906b1d6084f962fbf56c0383cb
draft-filtered,reverse,cold,candidate,BenchmarkNativeMixedCatalog/100000/owner=true/movies/cold=true/seed-owner=true,3,10,43301825.0,23814,38291444,225595,3edef7c2adaa829e5ca3563d3f441e9d65a274906b1d6084f962fbf56c0383cb
draft-filtered,reverse,cold,candidate,BenchmarkNativeMixedCatalog/100000/owner=true/shows/cold=true/seed-owner=true,1,10,23398566.0,38011,16498696,32115,576100cb6dd5f2b0635fd575babda0c562222867a847e8235341384c4ea7ae0a
draft-filtered,reverse,cold,candidate,BenchmarkNativeMixedCatalog/100000/owner=true/shows/cold=true/seed-owner=true,2,10,23569204.0,38011,16498696,32115,576100cb6dd5f2b0635fd575babda0c562222867a847e8235341384c4ea7ae0a
draft-filtered,reverse,cold,candidate,BenchmarkNativeMixedCatalog/100000/owner=true/shows/cold=true/seed-owner=true,3,10,23943500.0,38011,16529676,32121,576100cb6dd5f2b0635fd575babda0c562222867a847e8235341384c4ea7ae0a
draft-filtered,reverse,cold,candidate,BenchmarkNativeMixedCatalog/100000/owner=true/music/cold=true/seed-owner=true,1,10,31781767.0,23513,28488692,200594,6b130b184f0f0429d7e1e8f8e8013884c09a771529dbb996029faa09b7a08ef3
draft-filtered,reverse,cold,candidate,BenchmarkNativeMixedCatalog/100000/owner=true/music/cold=true/seed-owner=true,2,10,30315517.0,23513,28500092,200597,6b130b184f0f0429d7e1e8f8e8013884c09a771529dbb996029faa09b7a08ef3
draft-filtered,reverse,cold,candidate,BenchmarkNativeMixedCatalog/100000/owner=true/music/cold=true/seed-owner=true,3,10,29787654.0,23513,28465904,200589,6b130b184f0f0429d7e1e8f8e8013884c09a771529dbb996029faa09b7a08ef3
draft-filtered,reverse,cold,candidate,BenchmarkNativeMixedCatalog/100000/owner=false/movies/cold=true/seed-owner=false,1,10,29993088.0,19814,19876012,112992,05d646cb84e3ba5e17c2b3e8a9d018151fd5a4a99118028d3cf6e66dd5525311
draft-filtered,reverse,cold,candidate,BenchmarkNativeMixedCatalog/100000/owner=false/movies/cold=true/seed-owner=false,2,10,29310700.0,19814,19867488,112990,05d646cb84e3ba5e17c2b3e8a9d018151fd5a4a99118028d3cf6e66dd5525311
draft-filtered,reverse,cold,candidate,BenchmarkNativeMixedCatalog/100000/owner=false/movies/cold=true/seed-owner=false,3,10,30194013.0,19814,19867485,112990,05d646cb84e3ba5e17c2b3e8a9d018151fd5a4a99118028d3cf6e66dd5525311
draft-filtered,reverse,cold,candidate,BenchmarkNativeMixedCatalog/100000/owner=false/shows/cold=true/seed-owner=false,1,10,18974696.0,34011,12172172,19486,b824adda8e405859964671dafca4fd0a559087090e1122c9d8dfd1829e87ab41
draft-filtered,reverse,cold,candidate,BenchmarkNativeMixedCatalog/100000/owner=false/shows/cold=true/seed-owner=false,2,10,17544233.0,34011,12218641,19494,b824adda8e405859964671dafca4fd0a559087090e1122c9d8dfd1829e87ab41
draft-filtered,reverse,cold,candidate,BenchmarkNativeMixedCatalog/100000/owner=false/shows/cold=true/seed-owner=false,3,10,17424346.0,34011,12172173,19486,b824adda8e405859964671dafca4fd0a559087090e1122c9d8dfd1829e87ab41
draft-filtered,reverse,cold,candidate,BenchmarkNativeMixedCatalog/100000/owner=false/music/cold=true/seed-owner=false,1,10,22864275.0,19513,14868137,100491,a00b4d99c6789ce09d7a23abc92d7e8d5d1b68b63f6dbfe26c73e710fddd940e
draft-filtered,reverse,cold,candidate,BenchmarkNativeMixedCatalog/100000/owner=false/music/cold=true/seed-owner=false,2,10,21900875.0,19513,14851084,100486,a00b4d99c6789ce09d7a23abc92d7e8d5d1b68b63f6dbfe26c73e710fddd940e
draft-filtered,reverse,cold,candidate,BenchmarkNativeMixedCatalog/100000/owner=false/music/cold=true/seed-owner=false,3,10,21821821.0,19513,14859610,100489,a00b4d99c6789ce09d7a23abc92d7e8d5d1b68b63f6dbfe26c73e710fddd940e
draft-filtered,reverse,cold,baseline-final,BenchmarkNativeMixedCatalog/10000/owner=true/movies/cold=true/seed-owner=true,1,10,4488338.0,23812,4105324,23086,32fb9fc7742395782b46e1a1d87c57b3d0da504d4dc500f1808fb03ad8ccb32b
draft-filtered,reverse,cold,baseline-final,BenchmarkNativeMixedCatalog/10000/owner=true/movies/cold=true/seed-owner=true,2,10,4099796.0,23812,4093928,23084,32fb9fc7742395782b46e1a1d87c57b3d0da504d4dc500f1808fb03ad8ccb32b
draft-filtered,reverse,cold,baseline-final,BenchmarkNativeMixedCatalog/10000/owner=true/movies/cold=true/seed-owner=true,3,10,4329396.0,23812,4093928,23084,32fb9fc7742395782b46e1a1d87c57b3d0da504d4dc500f1808fb03ad8ccb32b
draft-filtered,reverse,cold,baseline-final,BenchmarkNativeMixedCatalog/10000/owner=true/shows/cold=true/seed-owner=true,1,10,2236725.0,38009,1931472,3931,bc3d0ca8dfcbb4e8ec75438c071d7c37a63f3941908a8b5af86af3cdff3c42ac
draft-filtered,reverse,cold,baseline-final,BenchmarkNativeMixedCatalog/10000/owner=true/shows/cold=true/seed-owner=true,2,10,2122942.0,38009,1931472,3931,bc3d0ca8dfcbb4e8ec75438c071d7c37a63f3941908a8b5af86af3cdff3c42ac
draft-filtered,reverse,cold,baseline-final,BenchmarkNativeMixedCatalog/10000/owner=true/shows/cold=true/seed-owner=true,3,10,2121533.0,38009,1946964,3933,bc3d0ca8dfcbb4e8ec75438c071d7c37a63f3941908a8b5af86af3cdff3c42ac
draft-filtered,reverse,cold,baseline-final,BenchmarkNativeMixedCatalog/10000/owner=true/music/cold=true/seed-owner=true,1,10,2675525.0,23511,3126760,20583,88b1f90aad51ddb58bde34312bfcadf5be689f3afbeae9aa19c4772cf7bea822
draft-filtered,reverse,cold,baseline-final,BenchmarkNativeMixedCatalog/10000/owner=true/music/cold=true/seed-owner=true,2,10,2636696.0,23511,3126760,20583,88b1f90aad51ddb58bde34312bfcadf5be689f3afbeae9aa19c4772cf7bea822
draft-filtered,reverse,cold,baseline-final,BenchmarkNativeMixedCatalog/10000/owner=true/music/cold=true/seed-owner=true,3,10,2639687.0,23511,3126760,20583,88b1f90aad51ddb58bde34312bfcadf5be689f3afbeae9aa19c4772cf7bea822
draft-filtered,reverse,cold,baseline-final,BenchmarkNativeMixedCatalog/10000/owner=false/movies/cold=true/seed-owner=false,1,10,2398654.0,19812,2244264,11734,ec81334eaa77a7f099883506544f6b405bf7635e5aec3a4cb78424838f58cde9
draft-filtered,reverse,cold,baseline-final,BenchmarkNativeMixedCatalog/10000/owner=false/movies/cold=true/seed-owner=false,2,10,2348038.0,19812,2244264,11734,ec81334eaa77a7f099883506544f6b405bf7635e5aec3a4cb78424838f58cde9
draft-filtered,reverse,cold,baseline-final,BenchmarkNativeMixedCatalog/10000/owner=false/movies/cold=true/seed-owner=false,3,10,2412663.0,19812,2244264,11734,ec81334eaa77a7f099883506544f6b405bf7635e5aec3a4cb78424838f58cde9
draft-filtered,reverse,cold,baseline-final,BenchmarkNativeMixedCatalog/10000/owner=false/shows/cold=true/seed-owner=false,1,10,1617266.0,34009,1482240,2577,260cf15e81ea81984f52536eb6bd6d49256e84df11c83dbb63a17801d5c5e5a5
draft-filtered,reverse,cold,baseline-final,BenchmarkNativeMixedCatalog/10000/owner=false/shows/cold=true/seed-owner=false,2,10,1598279.0,34009,1482240,2577,260cf15e81ea81984f52536eb6bd6d49256e84df11c83dbb63a17801d5c5e5a5
draft-filtered,reverse,cold,baseline-final,BenchmarkNativeMixedCatalog/10000/owner=false/shows/cold=true/seed-owner=false,3,10,1609162.0,34009,1482240,2577,260cf15e81ea81984f52536eb6bd6d49256e84df11c83dbb63a17801d5c5e5a5
draft-filtered,reverse,cold,baseline-final,BenchmarkNativeMixedCatalog/10000/owner=false/music/cold=true/seed-owner=false,1,10,1744004.0,19511,1756584,10483,88e61f1c1bad6b5e53da42aebcbafa7819def02d908f2dfbf8a50a2c0594844c
draft-filtered,reverse,cold,baseline-final,BenchmarkNativeMixedCatalog/10000/owner=false/music/cold=true/seed-owner=false,2,10,2238592.0,19511,1756584,10483,88e61f1c1bad6b5e53da42aebcbafa7819def02d908f2dfbf8a50a2c0594844c
draft-filtered,reverse,cold,baseline-final,BenchmarkNativeMixedCatalog/10000/owner=false/music/cold=true/seed-owner=false,3,10,1762767.0,19511,1756584,10483,88e61f1c1bad6b5e53da42aebcbafa7819def02d908f2dfbf8a50a2c0594844c
draft-filtered,reverse,cold,baseline-final,BenchmarkNativeMixedCatalog/100000/owner=true/movies/cold=true/seed-owner=true,1,10,39475859.0,23814,38681029,225590,3edef7c2adaa829e5ca3563d3f441e9d65a274906b1d6084f962fbf56c0383cb
draft-filtered,reverse,cold,baseline-final,BenchmarkNativeMixedCatalog/100000/owner=true/movies/cold=true/seed-owner=true,2,10,39204983.0,23814,38703813,225595,3edef7c2adaa829e5ca3563d3f441e9d65a274906b1d6084f962fbf56c0383cb
draft-filtered,reverse,cold,baseline-final,BenchmarkNativeMixedCatalog/100000/owner=true/movies/cold=true/seed-owner=true,3,10,42999150.0,23814,38703818,225595,3edef7c2adaa829e5ca3563d3f441e9d65a274906b1d6084f962fbf56c0383cb
draft-filtered,reverse,cold,baseline-final,BenchmarkNativeMixedCatalog/100000/owner=true/shows/cold=true/seed-owner=true,1,10,22808463.0,38011,16514188,32118,576100cb6dd5f2b0635fd575babda0c562222867a847e8235341384c4ea7ae0a
draft-filtered,reverse,cold,baseline-final,BenchmarkNativeMixedCatalog/100000/owner=true/shows/cold=true/seed-owner=true,2,10,22549692.0,38011,16498413,32115,576100cb6dd5f2b0635fd575babda0c562222867a847e8235341384c4ea7ae0a
draft-filtered,reverse,cold,baseline-final,BenchmarkNativeMixedCatalog/100000/owner=true/shows/cold=true/seed-owner=true,3,10,22483938.0,38011,16514188,32118,576100cb6dd5f2b0635fd575babda0c562222867a847e8235341384c4ea7ae0a
draft-filtered,reverse,cold,baseline-final,BenchmarkNativeMixedCatalog/100000/owner=true/music/cold=true/seed-owner=true,1,10,28078825.0,23513,29086278,200591,6b130b184f0f0429d7e1e8f8e8013884c09a771529dbb996029faa09b7a08ef3
draft-filtered,reverse,cold,baseline-final,BenchmarkNativeMixedCatalog/100000/owner=true/music/cold=true/seed-owner=true,2,10,26522925.0,23513,29086276,200591,6b130b184f0f0429d7e1e8f8e8013884c09a771529dbb996029faa09b7a08ef3
draft-filtered,reverse,cold,baseline-final,BenchmarkNativeMixedCatalog/100000/owner=true/music/cold=true/seed-owner=true,3,10,26228658.0,23513,29074880,200589,6b130b184f0f0429d7e1e8f8e8013884c09a771529dbb996029faa09b7a08ef3
draft-filtered,reverse,cold,baseline-final,BenchmarkNativeMixedCatalog/100000/owner=false/movies/cold=true/seed-owner=false,1,10,25560034.0,19814,20260364,112987,05d646cb84e3ba5e17c2b3e8a9d018151fd5a4a99118028d3cf6e66dd5525311
draft-filtered,reverse,cold,baseline-final,BenchmarkNativeMixedCatalog/100000/owner=false/movies/cold=true/seed-owner=false,2,10,26396725.0,19814,20277417,112992,05d646cb84e3ba5e17c2b3e8a9d018151fd5a4a99118028d3cf6e66dd5525311
draft-filtered,reverse,cold,baseline-final,BenchmarkNativeMixedCatalog/100000/owner=false/movies/cold=true/seed-owner=false,3,10,26341100.0,19814,20277420,112992,05d646cb84e3ba5e17c2b3e8a9d018151fd5a4a99118028d3cf6e66dd5525311
draft-filtered,reverse,cold,baseline-final,BenchmarkNativeMixedCatalog/100000/owner=false/shows/cold=true/seed-owner=false,1,10,17219838.0,34011,12156680,19483,b824adda8e405859964671dafca4fd0a559087090e1122c9d8dfd1829e87ab41
draft-filtered,reverse,cold,baseline-final,BenchmarkNativeMixedCatalog/100000/owner=false/shows/cold=true/seed-owner=false,2,10,17593392.0,34011,12172168,19486,b824adda8e405859964671dafca4fd0a559087090e1122c9d8dfd1829e87ab41
draft-filtered,reverse,cold,baseline-final,BenchmarkNativeMixedCatalog/100000/owner=false/shows/cold=true/seed-owner=false,3,10,17216129.0,34011,12187660,19489,b824adda8e405859964671dafca4fd0a559087090e1122c9d8dfd1829e87ab41
draft-filtered,reverse,cold,baseline-final,BenchmarkNativeMixedCatalog/100000/owner=false/music/cold=true/seed-owner=false,1,10,18189471.0,19513,15457629,100489,a00b4d99c6789ce09d7a23abc92d7e8d5d1b68b63f6dbfe26c73e710fddd940e
draft-filtered,reverse,cold,baseline-final,BenchmarkNativeMixedCatalog/100000/owner=false/music/cold=true/seed-owner=false,2,10,17839950.0,19513,15457626,100489,a00b4d99c6789ce09d7a23abc92d7e8d5d1b68b63f6dbfe26c73e710fddd940e
draft-filtered,reverse,cold,baseline-final,BenchmarkNativeMixedCatalog/100000/owner=false/music/cold=true/seed-owner=false,3,10,18339467.0,19513,15466155,100491,a00b4d99c6789ce09d7a23abc92d7e8d5d1b68b63f6dbfe26c73e710fddd940e
owner-admission,forward,warm,baseline-final,BenchmarkNativeMixedCatalog/10000/owner=true/movies/cold=false/seed-owner=true,1,58,9546063.0,23812,4096101,23087,32fb9fc7742395782b46e1a1d87c57b3d0da504d4dc500f1808fb03ad8ccb32b
owner-admission,forward,warm,baseline-final,BenchmarkNativeMixedCatalog/10000/owner=true/movies/cold=false/seed-owner=true,2,67,10243311.0,23812,4097531,23087,32fb9fc7742395782b46e1a1d87c57b3d0da504d4dc500f1808fb03ad8ccb32b
owner-admission,forward,warm,baseline-final,BenchmarkNativeMixedCatalog/10000/owner=true/movies/cold=false/seed-owner=true,3,51,11565528.0,23812,4098613,23088,32fb9fc7742395782b46e1a1d87c57b3d0da504d4dc500f1808fb03ad8ccb32b
owner-admission,forward,warm,baseline-final,BenchmarkNativeMixedCatalog/10000/owner=true/shows/cold=false/seed-owner=true,1,90,7374949.0,38009,1936827,3934,bc3d0ca8dfcbb4e8ec75438c071d7c37a63f3941908a8b5af86af3cdff3c42ac
owner-admission,forward,warm,baseline-final,BenchmarkNativeMixedCatalog/10000/owner=true/shows/cold=false/seed-owner=true,2,100,5623813.0,38009,1934758,3934,bc3d0ca8dfcbb4e8ec75438c071d7c37a63f3941908a8b5af86af3cdff3c42ac
owner-admission,forward,warm,baseline-final,BenchmarkNativeMixedCatalog/10000/owner=true/shows/cold=false/seed-owner=true,3,100,5417253.0,38009,1934758,3934,bc3d0ca8dfcbb4e8ec75438c071d7c37a63f3941908a8b5af86af3cdff3c42ac
owner-admission,forward,warm,baseline-final,BenchmarkNativeMixedCatalog/10000/owner=true/music/cold=false/seed-owner=true,1,90,8017545.0,23511,3130750,20586,88b1f90aad51ddb58bde34312bfcadf5be689f3afbeae9aa19c4772cf7bea822
owner-admission,forward,warm,baseline-final,BenchmarkNativeMixedCatalog/10000/owner=true/music/cold=false/seed-owner=true,2,87,7234559.0,23511,3132191,20587,88b1f90aad51ddb58bde34312bfcadf5be689f3afbeae9aa19c4772cf7bea822
owner-admission,forward,warm,baseline-final,BenchmarkNativeMixedCatalog/10000/owner=true/music/cold=false/seed-owner=true,3,94,8138949.0,23511,3130587,20586,88b1f90aad51ddb58bde34312bfcadf5be689f3afbeae9aa19c4772cf7bea822
owner-admission,forward,warm,baseline-final,BenchmarkNativeMixedCatalog/10000/owner=false/movies/cold=false/seed-owner=false,1,82,7618789.0,19812,2247578,11737,ec81334eaa77a7f099883506544f6b405bf7635e5aec3a4cb78424838f58cde9
owner-admission,forward,warm,baseline-final,BenchmarkNativeMixedCatalog/10000/owner=false/movies/cold=false/seed-owner=false,2,88,7787229.0,19812,2249302,11738,ec81334eaa77a7f099883506544f6b405bf7635e5aec3a4cb78424838f58cde9
owner-admission,forward,warm,baseline-final,BenchmarkNativeMixedCatalog/10000/owner=false/movies/cold=false/seed-owner=false,3,85,7786293.0,19812,2247467,11737,ec81334eaa77a7f099883506544f6b405bf7635e5aec3a4cb78424838f58cde9
owner-admission,forward,warm,baseline-final,BenchmarkNativeMixedCatalog/10000/owner=false/movies/cold=false/seed-owner=true,1,100,6673012.0,19812,2247010,11737,ec81334eaa77a7f099883506544f6b405bf7635e5aec3a4cb78424838f58cde9
owner-admission,forward,warm,baseline-final,BenchmarkNativeMixedCatalog/10000/owner=false/movies/cold=false/seed-owner=true,2,100,8381688.0,19812,2245305,11737,ec81334eaa77a7f099883506544f6b405bf7635e5aec3a4cb78424838f58cde9
owner-admission,forward,warm,baseline-final,BenchmarkNativeMixedCatalog/10000/owner=false/movies/cold=false/seed-owner=true,3,100,6049996.0,19812,2246158,11737,ec81334eaa77a7f099883506544f6b405bf7635e5aec3a4cb78424838f58cde9
owner-admission,forward,warm,baseline-final,BenchmarkNativeMixedCatalog/10000/owner=false/shows/cold=false/seed-owner=false,1,140,4565822.0,34009,1485739,2580,260cf15e81ea81984f52536eb6bd6d49256e84df11c83dbb63a17801d5c5e5a5
owner-admission,forward,warm,baseline-final,BenchmarkNativeMixedCatalog/10000/owner=false/shows/cold=false/seed-owner=false,2,158,3292379.0,34009,1484378,2580,260cf15e81ea81984f52536eb6bd6d49256e84df11c83dbb63a17801d5c5e5a5
owner-admission,forward,warm,baseline-final,BenchmarkNativeMixedCatalog/10000/owner=false/shows/cold=false/seed-owner=false,3,224,3438666.0,34009,1483795,2580,260cf15e81ea81984f52536eb6bd6d49256e84df11c83dbb63a17801d5c5e5a5
owner-admission,forward,warm,baseline-final,BenchmarkNativeMixedCatalog/10000/owner=false/shows/cold=false/seed-owner=true,1,146,4362600.0,34009,1484541,2580,260cf15e81ea81984f52536eb6bd6d49256e84df11c83dbb63a17801d5c5e5a5
owner-admission,forward,warm,baseline-final,BenchmarkNativeMixedCatalog/10000/owner=false/shows/cold=false/seed-owner=true,2,210,2870387.0,34009,1483889,2580,260cf15e81ea81984f52536eb6bd6d49256e84df11c83dbb63a17801d5c5e5a5
owner-admission,forward,warm,baseline-final,BenchmarkNativeMixedCatalog/10000/owner=false/shows/cold=false/seed-owner=true,3,228,2893576.0,34009,1484450,2580,260cf15e81ea81984f52536eb6bd6d49256e84df11c83dbb63a17801d5c5e5a5
owner-admission,forward,warm,baseline-final,BenchmarkNativeMixedCatalog/10000/owner=false/music/cold=false/seed-owner=false,1,202,2985321.0,19511,1757602,10486,88e61f1c1bad6b5e53da42aebcbafa7819def02d908f2dfbf8a50a2c0594844c
owner-admission,forward,warm,baseline-final,BenchmarkNativeMixedCatalog/10000/owner=false/music/cold=false/seed-owner=false,2,184,3023341.0,19511,1758149,10486,88e61f1c1bad6b5e53da42aebcbafa7819def02d908f2dfbf8a50a2c0594844c
owner-admission,forward,warm,baseline-final,BenchmarkNativeMixedCatalog/10000/owner=false/music/cold=false/seed-owner=false,3,189,3006813.0,19511,1758112,10486,88e61f1c1bad6b5e53da42aebcbafa7819def02d908f2dfbf8a50a2c0594844c
owner-admission,forward,warm,baseline-final,BenchmarkNativeMixedCatalog/10000/owner=false/music/cold=false/seed-owner=true,1,174,3279230.0,19511,1758230,10486,88e61f1c1bad6b5e53da42aebcbafa7819def02d908f2dfbf8a50a2c0594844c
owner-admission,forward,warm,baseline-final,BenchmarkNativeMixedCatalog/10000/owner=false/music/cold=false/seed-owner=true,2,177,3311009.0,19511,1757723,10486,88e61f1c1bad6b5e53da42aebcbafa7819def02d908f2dfbf8a50a2c0594844c
owner-admission,forward,warm,baseline-final,BenchmarkNativeMixedCatalog/10000/owner=false/music/cold=false/seed-owner=true,3,198,2836882.0,19511,1758481,10486,88e61f1c1bad6b5e53da42aebcbafa7819def02d908f2dfbf8a50a2c0594844c
owner-admission,forward,warm,baseline-final,BenchmarkNativeMixedCatalog/100000/owner=true/movies/cold=false/seed-owner=true,1,9,59581426.0,23814,38670537,225590,3edef7c2adaa829e5ca3563d3f441e9d65a274906b1d6084f962fbf56c0383cb
owner-admission,forward,warm,baseline-final,BenchmarkNativeMixedCatalog/100000/owner=true/movies/cold=false/seed-owner=true,2,9,59759491.0,23814,38670523,225590,3edef7c2adaa829e5ca3563d3f441e9d65a274906b1d6084f962fbf56c0383cb
owner-admission,forward,warm,baseline-final,BenchmarkNativeMixedCatalog/100000/owner=true/movies/cold=false/seed-owner=true,3,9,62739551.0,23814,38670523,225590,3edef7c2adaa829e5ca3563d3f441e9d65a274906b1d6084f962fbf56c0383cb
owner-admission,forward,warm,baseline-final,BenchmarkNativeMixedCatalog/100000/owner=true/shows/cold=false/seed-owner=true,1,16,33211521.0,38011,16501876,32118,576100cb6dd5f2b0635fd575babda0c562222867a847e8235341384c4ea7ae0a
owner-admission,forward,warm,baseline-final,BenchmarkNativeMixedCatalog/100000/owner=true/shows/cold=false/seed-owner=true,2,16,33570615.0,38011,16501877,32118,576100cb6dd5f2b0635fd575babda0c562222867a847e8235341384c4ea7ae0a
owner-admission,forward,warm,baseline-final,BenchmarkNativeMixedCatalog/100000/owner=true/shows/cold=false/seed-owner=true,3,12,53139472.0,38011,16495422,32117,576100cb6dd5f2b0635fd575babda0c562222867a847e8235341384c4ea7ae0a
owner-admission,forward,warm,baseline-final,BenchmarkNativeMixedCatalog/100000/owner=true/music/cold=false/seed-owner=true,1,10,54154558.0,23513,29074190,200591,6b130b184f0f0429d7e1e8f8e8013884c09a771529dbb996029faa09b7a08ef3
owner-admission,forward,warm,baseline-final,BenchmarkNativeMixedCatalog/100000/owner=true/music/cold=false/seed-owner=true,2,15,38996725.0,23513,29089573,200594,6b130b184f0f0429d7e1e8f8e8013884c09a771529dbb996029faa09b7a08ef3
owner-admission,forward,warm,baseline-final,BenchmarkNativeMixedCatalog/100000/owner=true/music/cold=false/seed-owner=true,3,10,50300242.0,23513,29062797,200588,6b130b184f0f0429d7e1e8f8e8013884c09a771529dbb996029faa09b7a08ef3
owner-admission,forward,warm,baseline-final,BenchmarkNativeMixedCatalog/100000/owner=false/movies/cold=false/seed-owner=false,1,13,41414093.0,19814,20271041,112992,05d646cb84e3ba5e17c2b3e8a9d018151fd5a4a99118028d3cf6e66dd5525311
owner-admission,forward,warm,baseline-final,BenchmarkNativeMixedCatalog/100000/owner=false/movies/cold=false/seed-owner=false,2,14,38508500.0,19814,20263529,112990,05d646cb84e3ba5e17c2b3e8a9d018151fd5a4a99118028d3cf6e66dd5525311
owner-admission,forward,warm,baseline-final,BenchmarkNativeMixedCatalog/100000/owner=false/movies/cold=false/seed-owner=false,3,10,51908712.0,19814,20259956,112989,05d646cb84e3ba5e17c2b3e8a9d018151fd5a4a99118028d3cf6e66dd5525311
owner-admission,forward,warm,baseline-final,BenchmarkNativeMixedCatalog/100000/owner=false/movies/cold=false/seed-owner=true,1,14,39296854.0,19814,20263326,112990,05d646cb84e3ba5e17c2b3e8a9d018151fd5a4a99118028d3cf6e66dd5525311
owner-admission,forward,warm,baseline-final,BenchmarkNativeMixedCatalog/100000/owner=false/movies/cold=false/seed-owner=true,2,14,40990268.0,19814,20251144,112987,05d646cb84e3ba5e17c2b3e8a9d018151fd5a4a99118028d3cf6e66dd5525311
owner-admission,forward,warm,baseline-final,BenchmarkNativeMixedCatalog/100000/owner=false/movies/cold=false/seed-owner=true,3,15,38507133.0,19814,20251333,112987,05d646cb84e3ba5e17c2b3e8a9d018151fd5a4a99118028d3cf6e66dd5525311
owner-admission,forward,warm,baseline-final,BenchmarkNativeMixedCatalog/100000/owner=false/shows/cold=false/seed-owner=false,1,20,27443160.0,34011,12148242,19484,b824adda8e405859964671dafca4fd0a559087090e1122c9d8dfd1829e87ab41
owner-admission,forward,warm,baseline-final,BenchmarkNativeMixedCatalog/100000/owner=false/shows/cold=false/seed-owner=false,2,21,26208762.0,34011,12147873,19484,b824adda8e405859964671dafca4fd0a559087090e1122c9d8dfd1829e87ab41
owner-admission,forward,warm,baseline-final,BenchmarkNativeMixedCatalog/100000/owner=false/shows/cold=false/seed-owner=false,3,24,24659825.0,34011,12153406,19485,b824adda8e405859964671dafca4fd0a559087090e1122c9d8dfd1829e87ab41
owner-admission,forward,warm,baseline-final,BenchmarkNativeMixedCatalog/100000/owner=false/shows/cold=false/seed-owner=true,1,19,27598211.0,34011,12140646,19483,b824adda8e405859964671dafca4fd0a559087090e1122c9d8dfd1829e87ab41
owner-admission,forward,warm,baseline-final,BenchmarkNativeMixedCatalog/100000/owner=false/shows/cold=false/seed-owner=true,2,12,47695385.0,34011,12179461,19489,b824adda8e405859964671dafca4fd0a559087090e1122c9d8dfd1829e87ab41
owner-admission,forward,warm,baseline-final,BenchmarkNativeMixedCatalog/100000/owner=false/shows/cold=false/seed-owner=true,3,15,36045294.0,34011,12161341,19486,b824adda8e405859964671dafca4fd0a559087090e1122c9d8dfd1829e87ab41
owner-admission,forward,warm,baseline-final,BenchmarkNativeMixedCatalog/100000/owner=false/music/cold=false/seed-owner=false,1,18,30348530.0,19513,15449519,100488,a00b4d99c6789ce09d7a23abc92d7e8d5d1b68b63f6dbfe26c73e710fddd940e
owner-admission,forward,warm,baseline-final,BenchmarkNativeMixedCatalog/100000/owner=false/music/cold=false/seed-owner=false,2,19,33136331.0,19513,15444519,100487,a00b4d99c6789ce09d7a23abc92d7e8d5d1b68b63f6dbfe26c73e710fddd940e
owner-admission,forward,warm,baseline-final,BenchmarkNativeMixedCatalog/100000/owner=false/music/cold=false/seed-owner=false,3,20,26087006.0,19513,15444288,100487,a00b4d99c6789ce09d7a23abc92d7e8d5d1b68b63f6dbfe26c73e710fddd940e
owner-admission,forward,warm,baseline-final,BenchmarkNativeMixedCatalog/100000/owner=false/music/cold=false/seed-owner=true,1,21,26092504.0,19513,15443941,100487,a00b4d99c6789ce09d7a23abc92d7e8d5d1b68b63f6dbfe26c73e710fddd940e
owner-admission,forward,warm,baseline-final,BenchmarkNativeMixedCatalog/100000/owner=false/music/cold=false/seed-owner=true,2,15,37101117.0,19513,15451250,100489,a00b4d99c6789ce09d7a23abc92d7e8d5d1b68b63f6dbfe26c73e710fddd940e
owner-admission,forward,warm,baseline-final,BenchmarkNativeMixedCatalog/100000/owner=false/music/cold=false/seed-owner=true,3,18,31907005.0,19513,15439880,100486,a00b4d99c6789ce09d7a23abc92d7e8d5d1b68b63f6dbfe26c73e710fddd940e
owner-admission,forward,warm,candidate,BenchmarkNativeMixedCatalog/10000/owner=true/movies/cold=false/seed-owner=true,1,187,3040426.0,23812,2470842,18075,32fb9fc7742395782b46e1a1d87c57b3d0da504d4dc500f1808fb03ad8ccb32b
owner-admission,forward,warm,candidate,BenchmarkNativeMixedCatalog/10000/owner=true/movies/cold=false/seed-owner=true,2,189,3172090.0,23812,2471425,18075,32fb9fc7742395782b46e1a1d87c57b3d0da504d4dc500f1808fb03ad8ccb32b
owner-admission,forward,warm,candidate,BenchmarkNativeMixedCatalog/10000/owner=true/movies/cold=false/seed-owner=true,3,169,3451387.0,23812,2471040,18075,32fb9fc7742395782b46e1a1d87c57b3d0da504d4dc500f1808fb03ad8ccb32b
owner-admission,forward,warm,candidate,BenchmarkNativeMixedCatalog/10000/owner=true/shows/cold=false/seed-owner=true,1,139,4030895.0,38009,1936110,3934,bc3d0ca8dfcbb4e8ec75438c071d7c37a63f3941908a8b5af86af3cdff3c42ac
owner-admission,forward,warm,candidate,BenchmarkNativeMixedCatalog/10000/owner=true/shows/cold=false/seed-owner=true,2,177,3356680.0,38009,1934273,3934,bc3d0ca8dfcbb4e8ec75438c071d7c37a63f3941908a8b5af86af3cdff3c42ac
owner-admission,forward,warm,candidate,BenchmarkNativeMixedCatalog/10000/owner=true/shows/cold=false/seed-owner=true,3,188,3268921.0,38009,1933312,3934,bc3d0ca8dfcbb4e8ec75438c071d7c37a63f3941908a8b5af86af3cdff3c42ac
owner-admission,forward,warm,candidate,BenchmarkNativeMixedCatalog/10000/owner=true/music/cold=false/seed-owner=true,1,139,4176543.0,23511,2430503,18075,88b1f90aad51ddb58bde34312bfcadf5be689f3afbeae9aa19c4772cf7bea822
owner-admission,forward,warm,candidate,BenchmarkNativeMixedCatalog/10000/owner=true/music/cold=false/seed-owner=true,2,184,3276152.0,23511,2430533,18075,88b1f90aad51ddb58bde34312bfcadf5be689f3afbeae9aa19c4772cf7bea822
owner-admission,forward,warm,candidate,BenchmarkNativeMixedCatalog/10000/owner=true/music/cold=false/seed-owner=true,3,177,3260136.0,23511,2431277,18075,88b1f90aad51ddb58bde34312bfcadf5be689f3afbeae9aa19c4772cf7bea822
owner-admission,forward,warm,candidate,BenchmarkNativeMixedCatalog/10000/owner=false/movies/cold=false/seed-owner=false,1,133,4232692.0,19812,2246368,11737,ec81334eaa77a7f099883506544f6b405bf7635e5aec3a4cb78424838f58cde9
owner-admission,forward,warm,candidate,BenchmarkNativeMixedCatalog/10000/owner=false/movies/cold=false/seed-owner=false,2,154,3749658.0,19812,2245568,11737,ec81334eaa77a7f099883506544f6b405bf7635e5aec3a4cb78424838f58cde9
owner-admission,forward,warm,candidate,BenchmarkNativeMixedCatalog/10000/owner=false/movies/cold=false/seed-owner=false,3,144,4820474.0,19812,2246812,11737,ec81334eaa77a7f099883506544f6b405bf7635e5aec3a4cb78424838f58cde9
owner-admission,forward,warm,candidate,BenchmarkNativeMixedCatalog/10000/owner=false/movies/cold=false/seed-owner=true,1,169,3572069.0,19812,1383724,9225,ec81334eaa77a7f099883506544f6b405bf7635e5aec3a4cb78424838f58cde9
owner-admission,forward,warm,candidate,BenchmarkNativeMixedCatalog/10000/owner=false/movies/cold=false/seed-owner=true,2,182,3156186.0,19812,1382640,9225,ec81334eaa77a7f099883506544f6b405bf7635e5aec3a4cb78424838f58cde9
owner-admission,forward,warm,candidate,BenchmarkNativeMixedCatalog/10000/owner=false/movies/cold=false/seed-owner=true,3,218,2437391.0,19812,1383265,9225,ec81334eaa77a7f099883506544f6b405bf7635e5aec3a4cb78424838f58cde9
owner-admission,forward,warm,candidate,BenchmarkNativeMixedCatalog/10000/owner=false/shows/cold=false/seed-owner=false,1,222,2631929.0,34009,1483808,2580,260cf15e81ea81984f52536eb6bd6d49256e84df11c83dbb63a17801d5c5e5a5
owner-admission,forward,warm,candidate,BenchmarkNativeMixedCatalog/10000/owner=false/shows/cold=false/seed-owner=false,2,192,3270481.0,34009,1484028,2580,260cf15e81ea81984f52536eb6bd6d49256e84df11c83dbb63a17801d5c5e5a5
owner-admission,forward,warm,candidate,BenchmarkNativeMixedCatalog/10000/owner=false/shows/cold=false/seed-owner=false,3,195,2997085.0,34009,1484797,2580,260cf15e81ea81984f52536eb6bd6d49256e84df11c83dbb63a17801d5c5e5a5
owner-admission,forward,warm,candidate,BenchmarkNativeMixedCatalog/10000/owner=false/shows/cold=false/seed-owner=true,1,200,3162444.0,34009,1483188,2580,260cf15e81ea81984f52536eb6bd6d49256e84df11c83dbb63a17801d5c5e5a5
owner-admission,forward,warm,candidate,BenchmarkNativeMixedCatalog/10000/owner=false/shows/cold=false/seed-owner=true,2,211,2799704.0,34009,1483147,2580,260cf15e81ea81984f52536eb6bd6d49256e84df11c83dbb63a17801d5c5e5a5
owner-admission,forward,warm,candidate,BenchmarkNativeMixedCatalog/10000/owner=false/shows/cold=false/seed-owner=true,3,224,2602836.0,34009,1485178,2580,260cf15e81ea81984f52536eb6bd6d49256e84df11c83dbb63a17801d5c5e5a5
owner-admission,forward,warm,candidate,BenchmarkNativeMixedCatalog/10000/owner=false/music/cold=false/seed-owner=false,1,241,2587561.0,19511,1757829,10486,88e61f1c1bad6b5e53da42aebcbafa7819def02d908f2dfbf8a50a2c0594844c
owner-admission,forward,warm,candidate,BenchmarkNativeMixedCatalog/10000/owner=false/music/cold=false/seed-owner=false,2,213,2594908.0,19511,1758358,10486,88e61f1c1bad6b5e53da42aebcbafa7819def02d908f2dfbf8a50a2c0594844c
owner-admission,forward,warm,candidate,BenchmarkNativeMixedCatalog/10000/owner=false/music/cold=false/seed-owner=false,3,246,2513674.0,19511,1758153,10486,88e61f1c1bad6b5e53da42aebcbafa7819def02d908f2dfbf8a50a2c0594844c
owner-admission,forward,warm,candidate,BenchmarkNativeMixedCatalog/10000/owner=false/music/cold=false/seed-owner=true,1,471,1342612.0,19511,1342015,9225,88e61f1c1bad6b5e53da42aebcbafa7819def02d908f2dfbf8a50a2c0594844c
owner-admission,forward,warm,candidate,BenchmarkNativeMixedCatalog/10000/owner=false/music/cold=false/seed-owner=true,2,430,1455922.0,19511,1341541,9225,88e61f1c1bad6b5e53da42aebcbafa7819def02d908f2dfbf8a50a2c0594844c
owner-admission,forward,warm,candidate,BenchmarkNativeMixedCatalog/10000/owner=false/music/cold=false/seed-owner=true,3,373,1629341.0,19511,1341430,9225,88e61f1c1bad6b5e53da42aebcbafa7819def02d908f2dfbf8a50a2c0594844c
owner-admission,forward,warm,candidate,BenchmarkNativeMixedCatalog/100000/owner=true/movies/cold=false/seed-owner=true,1,15,38467750.0,23814,22645264,175578,3edef7c2adaa829e5ca3563d3f441e9d65a274906b1d6084f962fbf56c0383cb
owner-admission,forward,warm,candidate,BenchmarkNativeMixedCatalog/100000/owner=true/movies/cold=false/seed-owner=true,2,12,50274764.0,23814,22639613,175577,3edef7c2adaa829e5ca3563d3f441e9d65a274906b1d6084f962fbf56c0383cb
owner-admission,forward,warm,candidate,BenchmarkNativeMixedCatalog/100000/owner=true/movies/cold=false/seed-owner=true,3,14,40806679.0,23814,22638222,175577,3edef7c2adaa829e5ca3563d3f441e9d65a274906b1d6084f962fbf56c0383cb
owner-admission,forward,warm,candidate,BenchmarkNativeMixedCatalog/100000/owner=true/shows/cold=false/seed-owner=true,1,7,79055726.0,38011,16505053,32119,576100cb6dd5f2b0635fd575babda0c562222867a847e8235341384c4ea7ae0a
owner-admission,forward,warm,candidate,BenchmarkNativeMixedCatalog/100000/owner=true/shows/cold=false/seed-owner=true,2,10,51005962.0,38011,16498289,32118,576100cb6dd5f2b0635fd575babda0c562222867a847e8235341384c4ea7ae0a
owner-admission,forward,warm,candidate,BenchmarkNativeMixedCatalog/100000/owner=true/shows/cold=false/seed-owner=true,3,8,65419786.0,38011,16502232,32118,576100cb6dd5f2b0635fd575babda0c562222867a847e8235341384c4ea7ae0a
owner-admission,forward,warm,candidate,BenchmarkNativeMixedCatalog/100000/owner=true/music/cold=false/seed-owner=true,1,21,26742903.0,23513,22253081,175578,6b130b184f0f0429d7e1e8f8e8013884c09a771529dbb996029faa09b7a08ef3
owner-admission,forward,warm,candidate,BenchmarkNativeMixedCatalog/100000/owner=true/music/cold=false/seed-owner=true,2,24,24082167.0,23513,22251027,175578,6b130b184f0f0429d7e1e8f8e8013884c09a771529dbb996029faa09b7a08ef3
owner-admission,forward,warm,candidate,BenchmarkNativeMixedCatalog/100000/owner=true/music/cold=false/seed-owner=true,3,16,34084221.0,23513,22265330,175581,6b130b184f0f0429d7e1e8f8e8013884c09a771529dbb996029faa09b7a08ef3
owner-admission,forward,warm,candidate,BenchmarkNativeMixedCatalog/100000/owner=false/movies/cold=false/seed-owner=false,1,14,39390205.0,19814,20263328,112990,05d646cb84e3ba5e17c2b3e8a9d018151fd5a4a99118028d3cf6e66dd5525311
owner-admission,forward,warm,candidate,BenchmarkNativeMixedCatalog/100000/owner=false/movies/cold=false/seed-owner=false,2,16,35596773.0,19814,20256652,112988,05d646cb84e3ba5e17c2b3e8a9d018151fd5a4a99118028d3cf6e66dd5525311
owner-admission,forward,warm,candidate,BenchmarkNativeMixedCatalog/100000/owner=false/movies/cold=false/seed-owner=false,3,14,42493167.0,19814,20257236,112988,05d646cb84e3ba5e17c2b3e8a9d018151fd5a4a99118028d3cf6e66dd5525311
owner-admission,forward,warm,candidate,BenchmarkNativeMixedCatalog/100000/owner=false/movies/cold=false/seed-owner=true,1,22,28372809.0,19814,11830337,87977,05d646cb84e3ba5e17c2b3e8a9d018151fd5a4a99118028d3cf6e66dd5525311
owner-admission,forward,warm,candidate,BenchmarkNativeMixedCatalog/100000/owner=false/movies/cold=false/seed-owner=true,2,24,23404613.0,19814,11822584,87975,05d646cb84e3ba5e17c2b3e8a9d018151fd5a4a99118028d3cf6e66dd5525311
owner-admission,forward,warm,candidate,BenchmarkNativeMixedCatalog/100000/owner=false/movies/cold=false/seed-owner=true,3,21,30127214.0,19814,11822584,87975,05d646cb84e3ba5e17c2b3e8a9d018151fd5a4a99118028d3cf6e66dd5525311
owner-admission,forward,warm,candidate,BenchmarkNativeMixedCatalog/100000/owner=false/shows/cold=false/seed-owner=false,1,15,37453153.0,34011,12161340,19486,b824adda8e405859964671dafca4fd0a559087090e1122c9d8dfd1829e87ab41
owner-admission,forward,warm,candidate,BenchmarkNativeMixedCatalog/100000/owner=false/shows/cold=false/seed-owner=false,2,19,27098603.0,34011,12156952,19485,b824adda8e405859964671dafca4fd0a559087090e1122c9d8dfd1829e87ab41
owner-admission,forward,warm,candidate,BenchmarkNativeMixedCatalog/100000/owner=false/shows/cold=false/seed-owner=false,3,16,33424513.0,34011,12140674,19483,b824adda8e405859964671dafca4fd0a559087090e1122c9d8dfd1829e87ab41
owner-admission,forward,warm,candidate,BenchmarkNativeMixedCatalog/100000/owner=false/shows/cold=false/seed-owner=true,1,15,33707822.0,34011,12171668,19488,b824adda8e405859964671dafca4fd0a559087090e1122c9d8dfd1829e87ab41
owner-admission,forward,warm,candidate,BenchmarkNativeMixedCatalog/100000/owner=false/shows/cold=false/seed-owner=true,2,18,32291139.0,34011,12149260,19484,b824adda8e405859964671dafca4fd0a559087090e1122c9d8dfd1829e87ab41
owner-admission,forward,warm,candidate,BenchmarkNativeMixedCatalog/100000/owner=false/shows/cold=false/seed-owner=true,3,20,25918888.0,34011,12148384,19484,b824adda8e405859964671dafca4fd0a559087090e1122c9d8dfd1829e87ab41
owner-admission,forward,warm,candidate,BenchmarkNativeMixedCatalog/100000/owner=false/music/cold=false/seed-owner=false,1,25,26605027.0,19513,15457162,100491,a00b4d99c6789ce09d7a23abc92d7e8d5d1b68b63f6dbfe26c73e710fddd940e
owner-admission,forward,warm,candidate,BenchmarkNativeMixedCatalog/100000/owner=false/music/cold=false/seed-owner=false,2,22,26983873.0,19513,15443886,100487,a00b4d99c6789ce09d7a23abc92d7e8d5d1b68b63f6dbfe26c73e710fddd940e
owner-admission,forward,warm,candidate,BenchmarkNativeMixedCatalog/100000/owner=false/music/cold=false/seed-owner=false,3,24,25681080.0,19513,15450777,100489,a00b4d99c6789ce09d7a23abc92d7e8d5d1b68b63f6dbfe26c73e710fddd940e
owner-admission,forward,warm,candidate,BenchmarkNativeMixedCatalog/100000/owner=false/music/cold=false/seed-owner=true,1,31,17010890.0,19513,11440463,87978,a00b4d99c6789ce09d7a23abc92d7e8d5d1b68b63f6dbfe26c73e710fddd940e
owner-admission,forward,warm,candidate,BenchmarkNativeMixedCatalog/100000/owner=false/music/cold=false/seed-owner=true,2,36,20629372.0,19513,11431816,87975,a00b4d99c6789ce09d7a23abc92d7e8d5d1b68b63f6dbfe26c73e710fddd940e
owner-admission,forward,warm,candidate,BenchmarkNativeMixedCatalog/100000/owner=false/music/cold=false/seed-owner=true,3,32,19021661.0,19513,11437453,87977,a00b4d99c6789ce09d7a23abc92d7e8d5d1b68b63f6dbfe26c73e710fddd940e
owner-admission,forward,cold,baseline-final,BenchmarkNativeMixedCatalog/10000/owner=true/movies/cold=true/seed-owner=true,1,10,7029617.0,23812,4093928,23084,32fb9fc7742395782b46e1a1d87c57b3d0da504d4dc500f1808fb03ad8ccb32b
owner-admission,forward,cold,baseline-final,BenchmarkNativeMixedCatalog/10000/owner=true/movies/cold=true/seed-owner=true,2,10,6280504.0,23812,4093928,23084,32fb9fc7742395782b46e1a1d87c57b3d0da504d4dc500f1808fb03ad8ccb32b
owner-admission,forward,cold,baseline-final,BenchmarkNativeMixedCatalog/10000/owner=true/movies/cold=true/seed-owner=true,3,10,6670671.0,23812,4093928,23084,32fb9fc7742395782b46e1a1d87c57b3d0da504d4dc500f1808fb03ad8ccb32b
owner-admission,forward,cold,baseline-final,BenchmarkNativeMixedCatalog/10000/owner=true/shows/cold=true/seed-owner=true,1,10,3487388.0,38009,1931472,3931,bc3d0ca8dfcbb4e8ec75438c071d7c37a63f3941908a8b5af86af3cdff3c42ac
owner-admission,forward,cold,baseline-final,BenchmarkNativeMixedCatalog/10000/owner=true/shows/cold=true/seed-owner=true,2,10,3425079.0,38009,1946964,3933,bc3d0ca8dfcbb4e8ec75438c071d7c37a63f3941908a8b5af86af3cdff3c42ac
owner-admission,forward,cold,baseline-final,BenchmarkNativeMixedCatalog/10000/owner=true/shows/cold=true/seed-owner=true,3,10,3551042.0,38009,1931472,3931,bc3d0ca8dfcbb4e8ec75438c071d7c37a63f3941908a8b5af86af3cdff3c42ac
owner-admission,forward,cold,baseline-final,BenchmarkNativeMixedCatalog/10000/owner=true/music/cold=true/seed-owner=true,1,10,5019442.0,23511,3126760,20583,88b1f90aad51ddb58bde34312bfcadf5be689f3afbeae9aa19c4772cf7bea822
owner-admission,forward,cold,baseline-final,BenchmarkNativeMixedCatalog/10000/owner=true/music/cold=true/seed-owner=true,2,10,4831462.0,23511,3126760,20583,88b1f90aad51ddb58bde34312bfcadf5be689f3afbeae9aa19c4772cf7bea822
owner-admission,forward,cold,baseline-final,BenchmarkNativeMixedCatalog/10000/owner=true/music/cold=true/seed-owner=true,3,10,4389763.0,23511,3138154,20585,88b1f90aad51ddb58bde34312bfcadf5be689f3afbeae9aa19c4772cf7bea822
owner-admission,forward,cold,baseline-final,BenchmarkNativeMixedCatalog/10000/owner=false/movies/cold=true/seed-owner=false,1,10,3982258.0,19812,2252792,11736,ec81334eaa77a7f099883506544f6b405bf7635e5aec3a4cb78424838f58cde9
owner-admission,forward,cold,baseline-final,BenchmarkNativeMixedCatalog/10000/owner=false/movies/cold=true/seed-owner=false,2,10,3966516.0,19812,2244264,11734,ec81334eaa77a7f099883506544f6b405bf7635e5aec3a4cb78424838f58cde9
owner-admission,forward,cold,baseline-final,BenchmarkNativeMixedCatalog/10000/owner=false/movies/cold=true/seed-owner=false,3,10,3997196.0,19812,2244264,11734,ec81334eaa77a7f099883506544f6b405bf7635e5aec3a4cb78424838f58cde9
owner-admission,forward,cold,baseline-final,BenchmarkNativeMixedCatalog/10000/owner=false/shows/cold=true/seed-owner=false,1,10,2748496.0,34009,1482240,2577,260cf15e81ea81984f52536eb6bd6d49256e84df11c83dbb63a17801d5c5e5a5
owner-admission,forward,cold,baseline-final,BenchmarkNativeMixedCatalog/10000/owner=false/shows/cold=true/seed-owner=false,2,10,2733608.0,34009,1482240,2577,260cf15e81ea81984f52536eb6bd6d49256e84df11c83dbb63a17801d5c5e5a5
owner-admission,forward,cold,baseline-final,BenchmarkNativeMixedCatalog/10000/owner=false/shows/cold=true/seed-owner=false,3,10,2711992.0,34009,1482240,2577,260cf15e81ea81984f52536eb6bd6d49256e84df11c83dbb63a17801d5c5e5a5
owner-admission,forward,cold,baseline-final,BenchmarkNativeMixedCatalog/10000/owner=false/music/cold=true/seed-owner=false,1,10,2989437.0,19511,1756584,10483,88e61f1c1bad6b5e53da42aebcbafa7819def02d908f2dfbf8a50a2c0594844c
owner-admission,forward,cold,baseline-final,BenchmarkNativeMixedCatalog/10000/owner=false/music/cold=true/seed-owner=false,2,10,3103863.0,19511,1756584,10483,88e61f1c1bad6b5e53da42aebcbafa7819def02d908f2dfbf8a50a2c0594844c
owner-admission,forward,cold,baseline-final,BenchmarkNativeMixedCatalog/10000/owner=false/music/cold=true/seed-owner=false,3,10,3355217.0,19511,1765112,10485,88e61f1c1bad6b5e53da42aebcbafa7819def02d908f2dfbf8a50a2c0594844c
owner-admission,forward,cold,baseline-final,BenchmarkNativeMixedCatalog/100000/owner=true/movies/cold=true/seed-owner=true,1,10,75221179.0,23814,38669638,225587,3edef7c2adaa829e5ca3563d3f441e9d65a274906b1d6084f962fbf56c0383cb
owner-admission,forward,cold,baseline-final,BenchmarkNativeMixedCatalog/100000/owner=true/movies/cold=true/seed-owner=true,2,10,92581642.0,23814,38681028,225590,3edef7c2adaa829e5ca3563d3f441e9d65a274906b1d6084f962fbf56c0383cb
owner-admission,forward,cold,baseline-final,BenchmarkNativeMixedCatalog/100000/owner=true/movies/cold=true/seed-owner=true,3,10,89130033.0,23814,38703820,225595,3edef7c2adaa829e5ca3563d3f441e9d65a274906b1d6084f962fbf56c0383cb
owner-admission,forward,cold,baseline-final,BenchmarkNativeMixedCatalog/100000/owner=true/shows/cold=true/seed-owner=true,1,10,42526300.0,38011,16498696,32115,576100cb6dd5f2b0635fd575babda0c562222867a847e8235341384c4ea7ae0a
owner-admission,forward,cold,baseline-final,BenchmarkNativeMixedCatalog/100000/owner=true/shows/cold=true/seed-owner=true,2,10,46714704.0,38011,16514189,32118,576100cb6dd5f2b0635fd575babda0c562222867a847e8235341384c4ea7ae0a
owner-admission,forward,cold,baseline-final,BenchmarkNativeMixedCatalog/100000/owner=true/shows/cold=true/seed-owner=true,3,10,34684308.0,38011,16514184,32118,576100cb6dd5f2b0635fd575babda0c562222867a847e8235341384c4ea7ae0a
owner-admission,forward,cold,baseline-final,BenchmarkNativeMixedCatalog/100000/owner=true/music/cold=true/seed-owner=true,1,10,39710362.0,23513,29074882,200589,6b130b184f0f0429d7e1e8f8e8013884c09a771529dbb996029faa09b7a08ef3
owner-admission,forward,cold,baseline-final,BenchmarkNativeMixedCatalog/100000/owner=true/music/cold=true/seed-owner=true,2,10,38641104.0,23513,29074880,200589,6b130b184f0f0429d7e1e8f8e8013884c09a771529dbb996029faa09b7a08ef3
owner-admission,forward,cold,baseline-final,BenchmarkNativeMixedCatalog/100000/owner=true/music/cold=true/seed-owner=true,3,10,42053321.0,23513,29097672,200594,6b130b184f0f0429d7e1e8f8e8013884c09a771529dbb996029faa09b7a08ef3
owner-admission,forward,cold,baseline-final,BenchmarkNativeMixedCatalog/100000/owner=false/movies/cold=true/seed-owner=false,1,10,40035734.0,19814,20260366,112987,05d646cb84e3ba5e17c2b3e8a9d018151fd5a4a99118028d3cf6e66dd5525311
owner-admission,forward,cold,baseline-final,BenchmarkNativeMixedCatalog/100000/owner=false/movies/cold=true/seed-owner=false,2,10,50736992.0,19814,20268892,112990,05d646cb84e3ba5e17c2b3e8a9d018151fd5a4a99118028d3cf6e66dd5525311
owner-admission,forward,cold,baseline-final,BenchmarkNativeMixedCatalog/100000/owner=false/movies/cold=true/seed-owner=false,3,10,41802392.0,19814,20285948,112994,05d646cb84e3ba5e17c2b3e8a9d018151fd5a4a99118028d3cf6e66dd5525311
owner-admission,forward,cold,baseline-final,BenchmarkNativeMixedCatalog/100000/owner=false/shows/cold=true/seed-owner=false,1,10,27158383.0,34011,12172173,19486,b824adda8e405859964671dafca4fd0a559087090e1122c9d8dfd1829e87ab41
owner-admission,forward,cold,baseline-final,BenchmarkNativeMixedCatalog/100000/owner=false/shows/cold=true/seed-owner=false,2,10,37647325.0,34011,12156680,19483,b824adda8e405859964671dafca4fd0a559087090e1122c9d8dfd1829e87ab41
owner-admission,forward,cold,baseline-final,BenchmarkNativeMixedCatalog/100000/owner=false/shows/cold=true/seed-owner=false,3,10,33943684.0,34011,12187673,19489,b824adda8e405859964671dafca4fd0a559087090e1122c9d8dfd1829e87ab41
owner-admission,forward,cold,baseline-final,BenchmarkNativeMixedCatalog/100000/owner=false/music/cold=true/seed-owner=false,1,10,27569750.0,19513,15457629,100489,a00b4d99c6789ce09d7a23abc92d7e8d5d1b68b63f6dbfe26c73e710fddd940e
owner-admission,forward,cold,baseline-final,BenchmarkNativeMixedCatalog/100000/owner=false/music/cold=true/seed-owner=false,2,10,28820758.0,19513,15457628,100489,a00b4d99c6789ce09d7a23abc92d7e8d5d1b68b63f6dbfe26c73e710fddd940e
owner-admission,forward,cold,baseline-final,BenchmarkNativeMixedCatalog/100000/owner=false/music/cold=true/seed-owner=false,3,10,30974308.0,19513,15457629,100489,a00b4d99c6789ce09d7a23abc92d7e8d5d1b68b63f6dbfe26c73e710fddd940e
owner-admission,forward,cold,candidate,BenchmarkNativeMixedCatalog/10000/owner=true/movies/cold=true/seed-owner=true,1,10,7077246.0,23812,4094360,23087,32fb9fc7742395782b46e1a1d87c57b3d0da504d4dc500f1808fb03ad8ccb32b
owner-admission,forward,cold,candidate,BenchmarkNativeMixedCatalog/10000/owner=true/movies/cold=true/seed-owner=true,2,10,7347929.0,23812,4094360,23087,32fb9fc7742395782b46e1a1d87c57b3d0da504d4dc500f1808fb03ad8ccb32b
owner-admission,forward,cold,candidate,BenchmarkNativeMixedCatalog/10000/owner=true/movies/cold=true/seed-owner=true,3,10,7283704.0,23812,4094360,23087,32fb9fc7742395782b46e1a1d87c57b3d0da504d4dc500f1808fb03ad8ccb32b
owner-admission,forward,cold,candidate,BenchmarkNativeMixedCatalog/10000/owner=true/shows/cold=true/seed-owner=true,1,10,4057938.0,38009,1931472,3931,bc3d0ca8dfcbb4e8ec75438c071d7c37a63f3941908a8b5af86af3cdff3c42ac
owner-admission,forward,cold,candidate,BenchmarkNativeMixedCatalog/10000/owner=true/shows/cold=true/seed-owner=true,2,10,4053379.0,38009,1931472,3931,bc3d0ca8dfcbb4e8ec75438c071d7c37a63f3941908a8b5af86af3cdff3c42ac
owner-admission,forward,cold,candidate,BenchmarkNativeMixedCatalog/10000/owner=true/shows/cold=true/seed-owner=true,3,10,4075025.0,38009,1931472,3931,bc3d0ca8dfcbb4e8ec75438c071d7c37a63f3941908a8b5af86af3cdff3c42ac
owner-admission,forward,cold,candidate,BenchmarkNativeMixedCatalog/10000/owner=true/music/cold=true/seed-owner=true,1,10,5596238.0,23511,3127192,20586,88b1f90aad51ddb58bde34312bfcadf5be689f3afbeae9aa19c4772cf7bea822
owner-admission,forward,cold,candidate,BenchmarkNativeMixedCatalog/10000/owner=true/music/cold=true/seed-owner=true,2,10,5096600.0,23511,3127192,20586,88b1f90aad51ddb58bde34312bfcadf5be689f3afbeae9aa19c4772cf7bea822
owner-admission,forward,cold,candidate,BenchmarkNativeMixedCatalog/10000/owner=true/music/cold=true/seed-owner=true,3,10,5806925.0,23511,3127192,20586,88b1f90aad51ddb58bde34312bfcadf5be689f3afbeae9aa19c4772cf7bea822
owner-admission,forward,cold,candidate,BenchmarkNativeMixedCatalog/10000/owner=false/movies/cold=true/seed-owner=false,1,10,4757600.0,19812,2244264,11734,ec81334eaa77a7f099883506544f6b405bf7635e5aec3a4cb78424838f58cde9
owner-admission,forward,cold,candidate,BenchmarkNativeMixedCatalog/10000/owner=false/movies/cold=true/seed-owner=false,2,10,4879425.0,19812,2252792,11736,ec81334eaa77a7f099883506544f6b405bf7635e5aec3a4cb78424838f58cde9
owner-admission,forward,cold,candidate,BenchmarkNativeMixedCatalog/10000/owner=false/movies/cold=true/seed-owner=false,3,10,4986642.0,19812,2244264,11734,ec81334eaa77a7f099883506544f6b405bf7635e5aec3a4cb78424838f58cde9
owner-admission,forward,cold,candidate,BenchmarkNativeMixedCatalog/10000/owner=false/shows/cold=true/seed-owner=false,1,10,3494096.0,34009,1482240,2577,260cf15e81ea81984f52536eb6bd6d49256e84df11c83dbb63a17801d5c5e5a5
owner-admission,forward,cold,candidate,BenchmarkNativeMixedCatalog/10000/owner=false/shows/cold=true/seed-owner=false,2,10,3248917.0,34009,1482240,2577,260cf15e81ea81984f52536eb6bd6d49256e84df11c83dbb63a17801d5c5e5a5
owner-admission,forward,cold,candidate,BenchmarkNativeMixedCatalog/10000/owner=false/shows/cold=true/seed-owner=false,3,10,3136438.0,34009,1482240,2577,260cf15e81ea81984f52536eb6bd6d49256e84df11c83dbb63a17801d5c5e5a5
owner-admission,forward,cold,candidate,BenchmarkNativeMixedCatalog/10000/owner=false/music/cold=true/seed-owner=false,1,10,3257488.0,19511,1756584,10483,88e61f1c1bad6b5e53da42aebcbafa7819def02d908f2dfbf8a50a2c0594844c
owner-admission,forward,cold,candidate,BenchmarkNativeMixedCatalog/10000/owner=false/music/cold=true/seed-owner=false,2,10,3211925.0,19511,1756584,10483,88e61f1c1bad6b5e53da42aebcbafa7819def02d908f2dfbf8a50a2c0594844c
owner-admission,forward,cold,candidate,BenchmarkNativeMixedCatalog/10000/owner=false/music/cold=true/seed-owner=false,3,10,3259850.0,19511,1756584,10483,88e61f1c1bad6b5e53da42aebcbafa7819def02d908f2dfbf8a50a2c0594844c
owner-admission,forward,cold,candidate,BenchmarkNativeMixedCatalog/100000/owner=true/movies/cold=true/seed-owner=true,1,10,85720134.0,23814,38704252,225598,3edef7c2adaa829e5ca3563d3f441e9d65a274906b1d6084f962fbf56c0383cb
owner-admission,forward,cold,candidate,BenchmarkNativeMixedCatalog/100000/owner=true/movies/cold=true/seed-owner=true,2,10,68293133.0,23814,38704250,225598,3edef7c2adaa829e5ca3563d3f441e9d65a274906b1d6084f962fbf56c0383cb
owner-admission,forward,cold,candidate,BenchmarkNativeMixedCatalog/100000/owner=true/movies/cold=true/seed-owner=true,3,10,72261188.0,23814,38681464,225593,3edef7c2adaa829e5ca3563d3f441e9d65a274906b1d6084f962fbf56c0383cb
owner-admission,forward,cold,candidate,BenchmarkNativeMixedCatalog/100000/owner=true/shows/cold=true/seed-owner=true,1,10,36055887.0,38011,16498699,32115,576100cb6dd5f2b0635fd575babda0c562222867a847e8235341384c4ea7ae0a
owner-admission,forward,cold,candidate,BenchmarkNativeMixedCatalog/100000/owner=true/shows/cold=true/seed-owner=true,2,10,33249158.0,38011,16514186,32118,576100cb6dd5f2b0635fd575babda0c562222867a847e8235341384c4ea7ae0a
owner-admission,forward,cold,candidate,BenchmarkNativeMixedCatalog/100000/owner=true/shows/cold=true/seed-owner=true,3,10,37657746.0,38011,16529681,32121,576100cb6dd5f2b0635fd575babda0c562222867a847e8235341384c4ea7ae0a
owner-admission,forward,cold,candidate,BenchmarkNativeMixedCatalog/100000/owner=true/music/cold=true/seed-owner=true,1,10,53698267.0,23513,29086708,200594,6b130b184f0f0429d7e1e8f8e8013884c09a771529dbb996029faa09b7a08ef3
owner-admission,forward,cold,candidate,BenchmarkNativeMixedCatalog/100000/owner=true/music/cold=true/seed-owner=true,2,10,55059638.0,23513,29086710,200594,6b130b184f0f0429d7e1e8f8e8013884c09a771529dbb996029faa09b7a08ef3
owner-admission,forward,cold,candidate,BenchmarkNativeMixedCatalog/100000/owner=true/music/cold=true/seed-owner=true,3,10,49044804.0,23513,29086708,200594,6b130b184f0f0429d7e1e8f8e8013884c09a771529dbb996029faa09b7a08ef3
owner-admission,forward,cold,candidate,BenchmarkNativeMixedCatalog/100000/owner=false/movies/cold=true/seed-owner=false,1,10,43508025.0,19814,20277420,112992,05d646cb84e3ba5e17c2b3e8a9d018151fd5a4a99118028d3cf6e66dd5525311
owner-admission,forward,cold,candidate,BenchmarkNativeMixedCatalog/100000/owner=false/movies/cold=true/seed-owner=false,2,10,36921338.0,19814,20268892,112990,05d646cb84e3ba5e17c2b3e8a9d018151fd5a4a99118028d3cf6e66dd5525311
owner-admission,forward,cold,candidate,BenchmarkNativeMixedCatalog/100000/owner=false/movies/cold=true/seed-owner=false,3,10,42835362.0,19814,20260369,112987,05d646cb84e3ba5e17c2b3e8a9d018151fd5a4a99118028d3cf6e66dd5525311
owner-admission,forward,cold,candidate,BenchmarkNativeMixedCatalog/100000/owner=false/shows/cold=true/seed-owner=false,1,10,28964400.0,34011,12156678,19483,b824adda8e405859964671dafca4fd0a559087090e1122c9d8dfd1829e87ab41
owner-admission,forward,cold,candidate,BenchmarkNativeMixedCatalog/100000/owner=false/shows/cold=true/seed-owner=false,2,10,28118054.0,34011,12187667,19489,b824adda8e405859964671dafca4fd0a559087090e1122c9d8dfd1829e87ab41
owner-admission,forward,cold,candidate,BenchmarkNativeMixedCatalog/100000/owner=false/shows/cold=true/seed-owner=false,3,10,27226658.0,34011,12172173,19486,b824adda8e405859964671dafca4fd0a559087090e1122c9d8dfd1829e87ab41
owner-admission,forward,cold,candidate,BenchmarkNativeMixedCatalog/100000/owner=false/music/cold=true/seed-owner=false,1,10,27274775.0,19513,15466158,100491,a00b4d99c6789ce09d7a23abc92d7e8d5d1b68b63f6dbfe26c73e710fddd940e
owner-admission,forward,cold,candidate,BenchmarkNativeMixedCatalog/100000/owner=false/music/cold=true/seed-owner=false,2,10,27784508.0,19513,15466155,100491,a00b4d99c6789ce09d7a23abc92d7e8d5d1b68b63f6dbfe26c73e710fddd940e
owner-admission,forward,cold,candidate,BenchmarkNativeMixedCatalog/100000/owner=false/music/cold=true/seed-owner=false,3,10,30028683.0,19513,15466158,100491,a00b4d99c6789ce09d7a23abc92d7e8d5d1b68b63f6dbfe26c73e710fddd940e
owner-admission,reverse,warm,candidate,BenchmarkNativeMixedCatalog/10000/owner=true/movies/cold=false/seed-owner=true,1,176,3095116.0,23812,2471606,18075,32fb9fc7742395782b46e1a1d87c57b3d0da504d4dc500f1808fb03ad8ccb32b
owner-admission,reverse,warm,candidate,BenchmarkNativeMixedCatalog/10000/owner=true/movies/cold=false/seed-owner=true,2,228,2627367.0,23812,2470508,18075,32fb9fc7742395782b46e1a1d87c57b3d0da504d4dc500f1808fb03ad8ccb32b
owner-admission,reverse,warm,candidate,BenchmarkNativeMixedCatalog/10000/owner=true/movies/cold=false/seed-owner=true,3,235,3523976.0,23812,2472415,18075,32fb9fc7742395782b46e1a1d87c57b3d0da504d4dc500f1808fb03ad8ccb32b
owner-admission,reverse,warm,candidate,BenchmarkNativeMixedCatalog/10000/owner=true/shows/cold=false/seed-owner=true,1,122,4588983.0,38009,1935464,3934,bc3d0ca8dfcbb4e8ec75438c071d7c37a63f3941908a8b5af86af3cdff3c42ac
owner-admission,reverse,warm,candidate,BenchmarkNativeMixedCatalog/10000/owner=true/shows/cold=false/seed-owner=true,2,176,3208863.0,38009,1933408,3934,bc3d0ca8dfcbb4e8ec75438c071d7c37a63f3941908a8b5af86af3cdff3c42ac
owner-admission,reverse,warm,candidate,BenchmarkNativeMixedCatalog/10000/owner=true/shows/cold=false/seed-owner=true,3,160,3620899.0,38009,1932618,3934,bc3d0ca8dfcbb4e8ec75438c071d7c37a63f3941908a8b5af86af3cdff3c42ac
owner-admission,reverse,warm,candidate,BenchmarkNativeMixedCatalog/10000/owner=true/music/cold=false/seed-owner=true,1,236,2881095.0,23511,2429991,18075,88b1f90aad51ddb58bde34312bfcadf5be689f3afbeae9aa19c4772cf7bea822
owner-admission,reverse,warm,candidate,BenchmarkNativeMixedCatalog/10000/owner=true/music/cold=false/seed-owner=true,2,165,3702198.0,23511,2430130,18075,88b1f90aad51ddb58bde34312bfcadf5be689f3afbeae9aa19c4772cf7bea822
owner-admission,reverse,warm,candidate,BenchmarkNativeMixedCatalog/10000/owner=true/music/cold=false/seed-owner=true,3,158,3723182.0,23511,2430945,18075,88b1f90aad51ddb58bde34312bfcadf5be689f3afbeae9aa19c4772cf7bea822
owner-admission,reverse,warm,candidate,BenchmarkNativeMixedCatalog/10000/owner=false/movies/cold=false/seed-owner=false,1,100,6294220.0,19812,2245303,11737,ec81334eaa77a7f099883506544f6b405bf7635e5aec3a4cb78424838f58cde9
owner-admission,reverse,warm,candidate,BenchmarkNativeMixedCatalog/10000/owner=false/movies/cold=false/seed-owner=false,2,66,8602610.0,19812,2244424,11737,ec81334eaa77a7f099883506544f6b405bf7635e5aec3a4cb78424838f58cde9
owner-admission,reverse,warm,candidate,BenchmarkNativeMixedCatalog/10000/owner=false/movies/cold=false/seed-owner=false,3,115,5163360.0,19812,2245931,11737,ec81334eaa77a7f099883506544f6b405bf7635e5aec3a4cb78424838f58cde9
owner-admission,reverse,warm,candidate,BenchmarkNativeMixedCatalog/10000/owner=false/movies/cold=false/seed-owner=true,1,153,3859182.0,19812,1383936,9225,ec81334eaa77a7f099883506544f6b405bf7635e5aec3a4cb78424838f58cde9
owner-admission,reverse,warm,candidate,BenchmarkNativeMixedCatalog/10000/owner=false/movies/cold=false/seed-owner=true,2,168,3504565.0,19812,1382720,9225,ec81334eaa77a7f099883506544f6b405bf7635e5aec3a4cb78424838f58cde9
owner-admission,reverse,warm,candidate,BenchmarkNativeMixedCatalog/10000/owner=false/movies/cold=false/seed-owner=true,3,207,2828612.0,19812,1382525,9225,ec81334eaa77a7f099883506544f6b405bf7635e5aec3a4cb78424838f58cde9
owner-admission,reverse,warm,candidate,BenchmarkNativeMixedCatalog/10000/owner=false/shows/cold=false/seed-owner=false,1,214,2724422.0,34009,1485309,2580,260cf15e81ea81984f52536eb6bd6d49256e84df11c83dbb63a17801d5c5e5a5
owner-admission,reverse,warm,candidate,BenchmarkNativeMixedCatalog/10000/owner=false/shows/cold=false/seed-owner=false,2,194,2839620.0,34009,1484011,2580,260cf15e81ea81984f52536eb6bd6d49256e84df11c83dbb63a17801d5c5e5a5
owner-admission,reverse,warm,candidate,BenchmarkNativeMixedCatalog/10000/owner=false/shows/cold=false/seed-owner=false,3,261,2346763.0,34009,1484795,2580,260cf15e81ea81984f52536eb6bd6d49256e84df11c83dbb63a17801d5c5e5a5
owner-admission,reverse,warm,candidate,BenchmarkNativeMixedCatalog/10000/owner=false/shows/cold=false/seed-owner=true,1,258,2457311.0,34009,1484223,2580,260cf15e81ea81984f52536eb6bd6d49256e84df11c83dbb63a17801d5c5e5a5
owner-admission,reverse,warm,candidate,BenchmarkNativeMixedCatalog/10000/owner=false/shows/cold=false/seed-owner=true,2,220,2729141.0,34009,1483821,2580,260cf15e81ea81984f52536eb6bd6d49256e84df11c83dbb63a17801d5c5e5a5
owner-admission,reverse,warm,candidate,BenchmarkNativeMixedCatalog/10000/owner=false/shows/cold=false/seed-owner=true,3,192,3764109.0,34009,1484028,2580,260cf15e81ea81984f52536eb6bd6d49256e84df11c83dbb63a17801d5c5e5a5
owner-admission,reverse,warm,candidate,BenchmarkNativeMixedCatalog/10000/owner=false/music/cold=false/seed-owner=false,1,100,5048225.0,19511,1759330,10486,88e61f1c1bad6b5e53da42aebcbafa7819def02d908f2dfbf8a50a2c0594844c
owner-admission,reverse,warm,candidate,BenchmarkNativeMixedCatalog/10000/owner=false/music/cold=false/seed-owner=false,2,132,4192177.0,19511,1759349,10486,88e61f1c1bad6b5e53da42aebcbafa7819def02d908f2dfbf8a50a2c0594844c
owner-admission,reverse,warm,candidate,BenchmarkNativeMixedCatalog/10000/owner=false/music/cold=false/seed-owner=false,3,195,2828568.0,19511,1757633,10486,88e61f1c1bad6b5e53da42aebcbafa7819def02d908f2dfbf8a50a2c0594844c
owner-admission,reverse,warm,candidate,BenchmarkNativeMixedCatalog/10000/owner=false/music/cold=false/seed-owner=true,1,481,1614405.0,19511,1341986,9225,88e61f1c1bad6b5e53da42aebcbafa7819def02d908f2dfbf8a50a2c0594844c
owner-admission,reverse,warm,candidate,BenchmarkNativeMixedCatalog/10000/owner=false/music/cold=false/seed-owner=true,2,375,1801695.0,19511,1342107,9225,88e61f1c1bad6b5e53da42aebcbafa7819def02d908f2dfbf8a50a2c0594844c
owner-admission,reverse,warm,candidate,BenchmarkNativeMixedCatalog/10000/owner=false/music/cold=false/seed-owner=true,3,286,2274363.0,19511,1341047,9225,88e61f1c1bad6b5e53da42aebcbafa7819def02d908f2dfbf8a50a2c0594844c
owner-admission,reverse,warm,candidate,BenchmarkNativeMixedCatalog/100000/owner=true/movies/cold=false/seed-owner=true,1,14,41799720.0,23814,22654501,175580,3edef7c2adaa829e5ca3563d3f441e9d65a274906b1d6084f962fbf56c0383cb
owner-admission,reverse,warm,candidate,BenchmarkNativeMixedCatalog/100000/owner=true/movies/cold=false/seed-owner=true,2,14,36222179.0,23814,22638224,175577,3edef7c2adaa829e5ca3563d3f441e9d65a274906b1d6084f962fbf56c0383cb
owner-admission,reverse,warm,candidate,BenchmarkNativeMixedCatalog/100000/owner=true/movies/cold=false/seed-owner=true,3,18,31649285.0,23814,22649030,175579,3edef7c2adaa829e5ca3563d3f441e9d65a274906b1d6084f962fbf56c0383cb
owner-admission,reverse,warm,candidate,BenchmarkNativeMixedCatalog/100000/owner=true/shows/cold=false/seed-owner=true,1,15,35586164.0,38011,16513684,32120,576100cb6dd5f2b0635fd575babda0c562222867a847e8235341384c4ea7ae0a
owner-admission,reverse,warm,candidate,BenchmarkNativeMixedCatalog/100000/owner=true/shows/cold=false/seed-owner=true,2,16,32547352.0,38011,16492373,32116,576100cb6dd5f2b0635fd575babda0c562222867a847e8235341384c4ea7ae0a
owner-admission,reverse,warm,candidate,BenchmarkNativeMixedCatalog/100000/owner=true/shows/cold=false/seed-owner=true,3,18,32193900.0,38011,16508488,32119,576100cb6dd5f2b0635fd575babda0c562222867a847e8235341384c4ea7ae0a
owner-admission,reverse,warm,candidate,BenchmarkNativeMixedCatalog/100000/owner=true/music/cold=false/seed-owner=true,1,24,24589993.0,23513,22241546,175576,6b130b184f0f0429d7e1e8f8e8013884c09a771529dbb996029faa09b7a08ef3
owner-admission,reverse,warm,candidate,BenchmarkNativeMixedCatalog/100000/owner=true/music/cold=false/seed-owner=true,2,21,27312663.0,23513,22258512,175580,6b130b184f0f0429d7e1e8f8e8013884c09a771529dbb996029faa09b7a08ef3
owner-admission,reverse,warm,candidate,BenchmarkNativeMixedCatalog/100000/owner=true/music/cold=false/seed-owner=true,3,16,37489331.0,23513,22258210,175579,6b130b184f0f0429d7e1e8f8e8013884c09a771529dbb996029faa09b7a08ef3
owner-admission,reverse,warm,candidate,BenchmarkNativeMixedCatalog/100000/owner=false/movies/cold=false/seed-owner=false,1,10,53784304.0,19814,20259672,112989,05d646cb84e3ba5e17c2b3e8a9d018151fd5a4a99118028d3cf6e66dd5525311
owner-admission,reverse,warm,candidate,BenchmarkNativeMixedCatalog/100000/owner=false/movies/cold=false/seed-owner=false,2,12,43716274.0,19814,20251145,112987,05d646cb84e3ba5e17c2b3e8a9d018151fd5a4a99118028d3cf6e66dd5525311
owner-admission,reverse,warm,candidate,BenchmarkNativeMixedCatalog/100000/owner=false/movies/cold=false/seed-owner=false,3,13,42062327.0,19814,20257704,112988,05d646cb84e3ba5e17c2b3e8a9d018151fd5a4a99118028d3cf6e66dd5525311
owner-admission,reverse,warm,candidate,BenchmarkNativeMixedCatalog/100000/owner=false/movies/cold=false/seed-owner=true,1,26,23080447.0,19814,11829255,87977,05d646cb84e3ba5e17c2b3e8a9d018151fd5a4a99118028d3cf6e66dd5525311
owner-admission,reverse,warm,candidate,BenchmarkNativeMixedCatalog/100000/owner=false/movies/cold=false/seed-owner=true,2,24,26062448.0,19814,11826137,87976,05d646cb84e3ba5e17c2b3e8a9d018151fd5a4a99118028d3cf6e66dd5525311
owner-admission,reverse,warm,candidate,BenchmarkNativeMixedCatalog/100000/owner=false/movies/cold=false/seed-owner=true,3,24,23057686.0,19814,11826137,87976,05d646cb84e3ba5e17c2b3e8a9d018151fd5a4a99118028d3cf6e66dd5525311
owner-admission,reverse,warm,candidate,BenchmarkNativeMixedCatalog/100000/owner=false/shows/cold=false/seed-owner=false,1,15,35627628.0,34011,12150824,19484,b824adda8e405859964671dafca4fd0a559087090e1122c9d8dfd1829e87ab41
owner-admission,reverse,warm,candidate,BenchmarkNativeMixedCatalog/100000/owner=false/shows/cold=false/seed-owner=false,2,20,28292812.0,34011,12148254,19484,b824adda8e405859964671dafca4fd0a559087090e1122c9d8dfd1829e87ab41
owner-admission,reverse,warm,candidate,BenchmarkNativeMixedCatalog/100000/owner=false/shows/cold=false/seed-owner=false,3,25,23292583.0,34011,12152888,19485,b824adda8e405859964671dafca4fd0a559087090e1122c9d8dfd1829e87ab41
owner-admission,reverse,warm,candidate,BenchmarkNativeMixedCatalog/100000/owner=false/shows/cold=false/seed-owner=true,1,25,22775622.0,34011,12159199,19486,b824adda8e405859964671dafca4fd0a559087090e1122c9d8dfd1829e87ab41
owner-admission,reverse,warm,candidate,BenchmarkNativeMixedCatalog/100000/owner=false/shows/cold=false/seed-owner=true,2,18,29760410.0,34011,12149103,19484,b824adda8e405859964671dafca4fd0a559087090e1122c9d8dfd1829e87ab41
owner-admission,reverse,warm,candidate,BenchmarkNativeMixedCatalog/100000/owner=false/shows/cold=false/seed-owner=true,3,15,34066228.0,34011,12161152,19486,b824adda8e405859964671dafca4fd0a559087090e1122c9d8dfd1829e87ab41
owner-admission,reverse,warm,candidate,BenchmarkNativeMixedCatalog/100000/owner=false/music/cold=false/seed-owner=false,1,13,41715564.0,19513,15459777,100491,a00b4d99c6789ce09d7a23abc92d7e8d5d1b68b63f6dbfe26c73e710fddd940e
owner-admission,reverse,warm,candidate,BenchmarkNativeMixedCatalog/100000/owner=false/music/cold=false/seed-owner=false,2,18,31387660.0,19513,15444776,100487,a00b4d99c6789ce09d7a23abc92d7e8d5d1b68b63f6dbfe26c73e710fddd940e
owner-admission,reverse,warm,candidate,BenchmarkNativeMixedCatalog/100000/owner=false/music/cold=false/seed-owner=false,3,21,27922034.0,19513,15444076,100487,a00b4d99c6789ce09d7a23abc92d7e8d5d1b68b63f6dbfe26c73e710fddd940e
owner-admission,reverse,warm,candidate,BenchmarkNativeMixedCatalog/100000/owner=false/music/cold=false/seed-owner=true,1,33,18569727.0,19513,11432039,87975,a00b4d99c6789ce09d7a23abc92d7e8d5d1b68b63f6dbfe26c73e710fddd940e
owner-admission,reverse,warm,candidate,BenchmarkNativeMixedCatalog/100000/owner=false/music/cold=false/seed-owner=true,2,21,25291887.0,19513,11437490,87977,a00b4d99c6789ce09d7a23abc92d7e8d5d1b68b63f6dbfe26c73e710fddd940e
owner-admission,reverse,warm,candidate,BenchmarkNativeMixedCatalog/100000/owner=false/music/cold=false/seed-owner=true,3,27,28658955.0,19513,11435685,87976,a00b4d99c6789ce09d7a23abc92d7e8d5d1b68b63f6dbfe26c73e710fddd940e
owner-admission,reverse,warm,baseline-final,BenchmarkNativeMixedCatalog/10000/owner=true/movies/cold=false/seed-owner=true,1,73,7922606.0,23812,4097248,23087,32fb9fc7742395782b46e1a1d87c57b3d0da504d4dc500f1808fb03ad8ccb32b
owner-admission,reverse,warm,baseline-final,BenchmarkNativeMixedCatalog/10000/owner=true/movies/cold=false/seed-owner=true,2,90,6267352.0,23812,4096652,23087,32fb9fc7742395782b46e1a1d87c57b3d0da504d4dc500f1808fb03ad8ccb32b
owner-admission,reverse,warm,baseline-final,BenchmarkNativeMixedCatalog/10000/owner=true/movies/cold=false/seed-owner=true,3,92,6581597.0,23812,4097835,23087,32fb9fc7742395782b46e1a1d87c57b3d0da504d4dc500f1808fb03ad8ccb32b
owner-admission,reverse,warm,baseline-final,BenchmarkNativeMixedCatalog/10000/owner=true/shows/cold=false/seed-owner=true,1,195,3027839.0,38009,1933250,3934,bc3d0ca8dfcbb4e8ec75438c071d7c37a63f3941908a8b5af86af3cdff3c42ac
owner-admission,reverse,warm,baseline-final,BenchmarkNativeMixedCatalog/10000/owner=true/shows/cold=false/seed-owner=true,2,129,4485023.0,38009,1932855,3934,bc3d0ca8dfcbb4e8ec75438c071d7c37a63f3941908a8b5af86af3cdff3c42ac
owner-admission,reverse,warm,baseline-final,BenchmarkNativeMixedCatalog/10000/owner=true/shows/cold=false/seed-owner=true,3,151,3769495.0,38009,1933702,3934,bc3d0ca8dfcbb4e8ec75438c071d7c37a63f3941908a8b5af86af3cdff3c42ac
owner-admission,reverse,warm,baseline-final,BenchmarkNativeMixedCatalog/10000/owner=true/music/cold=false/seed-owner=true,1,132,4904725.0,23511,3130416,20586,88b1f90aad51ddb58bde34312bfcadf5be689f3afbeae9aa19c4772cf7bea822
owner-admission,reverse,warm,baseline-final,BenchmarkNativeMixedCatalog/10000/owner=true/music/cold=false/seed-owner=true,2,116,5018119.0,23511,3128934,20586,88b1f90aad51ddb58bde34312bfcadf5be689f3afbeae9aa19c4772cf7bea822
owner-admission,reverse,warm,baseline-final,BenchmarkNativeMixedCatalog/10000/owner=true/music/cold=false/seed-owner=true,3,136,4405012.0,23511,3130313,20586,88b1f90aad51ddb58bde34312bfcadf5be689f3afbeae9aa19c4772cf7bea822
owner-admission,reverse,warm,baseline-final,BenchmarkNativeMixedCatalog/10000/owner=false/movies/cold=false/seed-owner=false,1,162,3523343.0,19812,2245494,11737,ec81334eaa77a7f099883506544f6b405bf7635e5aec3a4cb78424838f58cde9
owner-admission,reverse,warm,baseline-final,BenchmarkNativeMixedCatalog/10000/owner=false/movies/cold=false/seed-owner=false,2,156,3896179.0,19812,2246629,11737,ec81334eaa77a7f099883506544f6b405bf7635e5aec3a4cb78424838f58cde9
owner-admission,reverse,warm,baseline-final,BenchmarkNativeMixedCatalog/10000/owner=false/movies/cold=false/seed-owner=false,3,123,4755286.0,19812,2245833,11737,ec81334eaa77a7f099883506544f6b405bf7635e5aec3a4cb78424838f58cde9
owner-admission,reverse,warm,baseline-final,BenchmarkNativeMixedCatalog/10000/owner=false/movies/cold=false/seed-owner=true,1,140,4018111.0,19812,2246271,11737,ec81334eaa77a7f099883506544f6b405bf7635e5aec3a4cb78424838f58cde9
owner-admission,reverse,warm,baseline-final,BenchmarkNativeMixedCatalog/10000/owner=false/movies/cold=false/seed-owner=true,2,154,3885413.0,19812,2244997,11737,ec81334eaa77a7f099883506544f6b405bf7635e5aec3a4cb78424838f58cde9
owner-admission,reverse,warm,baseline-final,BenchmarkNativeMixedCatalog/10000/owner=false/movies/cold=false/seed-owner=true,3,134,4471846.0,19812,2245720,11737,ec81334eaa77a7f099883506544f6b405bf7635e5aec3a4cb78424838f58cde9
owner-admission,reverse,warm,baseline-final,BenchmarkNativeMixedCatalog/10000/owner=false/shows/cold=false/seed-owner=false,1,232,2662661.0,34009,1483080,2580,260cf15e81ea81984f52536eb6bd6d49256e84df11c83dbb63a17801d5c5e5a5
owner-admission,reverse,warm,baseline-final,BenchmarkNativeMixedCatalog/10000/owner=false/shows/cold=false/seed-owner=false,2,264,2473467.0,34009,1484183,2580,260cf15e81ea81984f52536eb6bd6d49256e84df11c83dbb63a17801d5c5e5a5
owner-admission,reverse,warm,baseline-final,BenchmarkNativeMixedCatalog/10000/owner=false/shows/cold=false/seed-owner=false,3,235,2812369.0,34009,1483071,2580,260cf15e81ea81984f52536eb6bd6d49256e84df11c83dbb63a17801d5c5e5a5
owner-admission,reverse,warm,baseline-final,BenchmarkNativeMixedCatalog/10000/owner=false/shows/cold=false/seed-owner=true,1,186,3171607.0,34009,1483248,2580,260cf15e81ea81984f52536eb6bd6d49256e84df11c83dbb63a17801d5c5e5a5
owner-admission,reverse,warm,baseline-final,BenchmarkNativeMixedCatalog/10000/owner=false/shows/cold=false/seed-owner=true,2,223,3044324.0,34009,1484496,2580,260cf15e81ea81984f52536eb6bd6d49256e84df11c83dbb63a17801d5c5e5a5
owner-admission,reverse,warm,baseline-final,BenchmarkNativeMixedCatalog/10000/owner=false/shows/cold=false/seed-owner=true,3,170,3284767.0,34009,1483328,2580,260cf15e81ea81984f52536eb6bd6d49256e84df11c83dbb63a17801d5c5e5a5
owner-admission,reverse,warm,baseline-final,BenchmarkNativeMixedCatalog/10000/owner=false/music/cold=false/seed-owner=false,1,219,3366885.0,19511,1757548,10486,88e61f1c1bad6b5e53da42aebcbafa7819def02d908f2dfbf8a50a2c0594844c
owner-admission,reverse,warm,baseline-final,BenchmarkNativeMixedCatalog/10000/owner=false/music/cold=false/seed-owner=false,2,100,5594970.0,19511,1758478,10486,88e61f1c1bad6b5e53da42aebcbafa7819def02d908f2dfbf8a50a2c0594844c
owner-admission,reverse,warm,baseline-final,BenchmarkNativeMixedCatalog/10000/owner=false/music/cold=false/seed-owner=false,3,141,3917861.0,19511,1757974,10486,88e61f1c1bad6b5e53da42aebcbafa7819def02d908f2dfbf8a50a2c0594844c
owner-admission,reverse,warm,baseline-final,BenchmarkNativeMixedCatalog/10000/owner=false/music/cold=false/seed-owner=true,1,210,2697850.0,19511,1757163,10486,88e61f1c1bad6b5e53da42aebcbafa7819def02d908f2dfbf8a50a2c0594844c
owner-admission,reverse,warm,baseline-final,BenchmarkNativeMixedCatalog/10000/owner=false/music/cold=false/seed-owner=true,2,238,2457969.0,19511,1758201,10486,88e61f1c1bad6b5e53da42aebcbafa7819def02d908f2dfbf8a50a2c0594844c
owner-admission,reverse,warm,baseline-final,BenchmarkNativeMixedCatalog/10000/owner=false/music/cold=false/seed-owner=true,3,223,2604499.0,19511,1757534,10486,88e61f1c1bad6b5e53da42aebcbafa7819def02d908f2dfbf8a50a2c0594844c
owner-admission,reverse,warm,baseline-final,BenchmarkNativeMixedCatalog/100000/owner=true/movies/cold=false/seed-owner=true,1,8,66104443.0,23814,38657899,225587,3edef7c2adaa829e5ca3563d3f441e9d65a274906b1d6084f962fbf56c0383cb
owner-admission,reverse,warm,baseline-final,BenchmarkNativeMixedCatalog/100000/owner=true/movies/cold=false/seed-owner=true,2,7,81447339.0,23814,38673840,225590,3edef7c2adaa829e5ca3563d3f441e9d65a274906b1d6084f962fbf56c0383cb
owner-admission,reverse,warm,baseline-final,BenchmarkNativeMixedCatalog/100000/owner=true/movies/cold=false/seed-owner=true,3,8,79384807.0,23814,38700648,225597,3edef7c2adaa829e5ca3563d3f441e9d65a274906b1d6084f962fbf56c0383cb
owner-admission,reverse,warm,baseline-final,BenchmarkNativeMixedCatalog/100000/owner=true/shows/cold=false/seed-owner=true,1,14,39182167.0,38011,16482512,32115,576100cb6dd5f2b0635fd575babda0c562222867a847e8235341384c4ea7ae0a
owner-admission,reverse,warm,baseline-final,BenchmarkNativeMixedCatalog/100000/owner=true/shows/cold=false/seed-owner=true,2,19,31587118.0,38011,16498968,32117,576100cb6dd5f2b0635fd575babda0c562222867a847e8235341384c4ea7ae0a
owner-admission,reverse,warm,baseline-final,BenchmarkNativeMixedCatalog/100000/owner=true/shows/cold=false/seed-owner=true,3,14,39719497.0,38011,16504847,32119,576100cb6dd5f2b0635fd575babda0c562222867a847e8235341384c4ea7ae0a
owner-admission,reverse,warm,baseline-final,BenchmarkNativeMixedCatalog/100000/owner=true/music/cold=false/seed-owner=true,1,13,44785795.0,23513,29077915,200592,6b130b184f0f0429d7e1e8f8e8013884c09a771529dbb996029faa09b7a08ef3
owner-admission,reverse,warm,baseline-final,BenchmarkNativeMixedCatalog/100000/owner=true/music/cold=false/seed-owner=true,2,10,53846921.0,23513,29062796,200588,6b130b184f0f0429d7e1e8f8e8013884c09a771529dbb996029faa09b7a08ef3
owner-admission,reverse,warm,baseline-final,BenchmarkNativeMixedCatalog/100000/owner=true/music/cold=false/seed-owner=true,3,13,43980599.0,23513,29060388,200588,6b130b184f0f0429d7e1e8f8e8013884c09a771529dbb996029faa09b7a08ef3
owner-admission,reverse,warm,baseline-final,BenchmarkNativeMixedCatalog/100000/owner=false/movies/cold=false/seed-owner=false,1,13,42384936.0,19814,20257705,112988,05d646cb84e3ba5e17c2b3e8a9d018151fd5a4a99118028d3cf6e66dd5525311
owner-admission,reverse,warm,baseline-final,BenchmarkNativeMixedCatalog/100000/owner=false/movies/cold=false/seed-owner=false,2,10,50015883.0,19814,20268200,112991,05d646cb84e3ba5e17c2b3e8a9d018151fd5a4a99118028d3cf6e66dd5525311
owner-admission,reverse,warm,baseline-final,BenchmarkNativeMixedCatalog/100000/owner=false/movies/cold=false/seed-owner=false,3,12,45968354.0,19814,20258251,112989,05d646cb84e3ba5e17c2b3e8a9d018151fd5a4a99118028d3cf6e66dd5525311
owner-admission,reverse,warm,baseline-final,BenchmarkNativeMixedCatalog/100000/owner=false/movies/cold=false/seed-owner=true,1,14,41752792.0,19814,20257237,112988,05d646cb84e3ba5e17c2b3e8a9d018151fd5a4a99118028d3cf6e66dd5525311
owner-admission,reverse,warm,baseline-final,BenchmarkNativeMixedCatalog/100000/owner=false/movies/cold=false/seed-owner=true,2,15,36530664.0,19814,20257020,112988,05d646cb84e3ba5e17c2b3e8a9d018151fd5a4a99118028d3cf6e66dd5525311
owner-admission,reverse,warm,baseline-final,BenchmarkNativeMixedCatalog/100000/owner=false/movies/cold=false/seed-owner=true,3,14,42165372.0,19814,20251348,112987,05d646cb84e3ba5e17c2b3e8a9d018151fd5a4a99118028d3cf6e66dd5525311
owner-admission,reverse,warm,baseline-final,BenchmarkNativeMixedCatalog/100000/owner=false/shows/cold=false/seed-owner=false,1,20,27503038.0,34011,12156129,19485,b824adda8e405859964671dafca4fd0a559087090e1122c9d8dfd1829e87ab41
owner-admission,reverse,warm,baseline-final,BenchmarkNativeMixedCatalog/100000/owner=false/shows/cold=false/seed-owner=false,2,20,27820398.0,34011,12171621,19488,b824adda8e405859964671dafca4fd0a559087090e1122c9d8dfd1829e87ab41
owner-admission,reverse,warm,baseline-final,BenchmarkNativeMixedCatalog/100000/owner=false/shows/cold=false/seed-owner=false,3,14,37688033.0,34011,12173893,19488,b824adda8e405859964671dafca4fd0a559087090e1122c9d8dfd1829e87ab41
owner-admission,reverse,warm,baseline-final,BenchmarkNativeMixedCatalog/100000/owner=false/shows/cold=false/seed-owner=true,1,16,34623339.0,34011,12169543,19487,b824adda8e405859964671dafca4fd0a559087090e1122c9d8dfd1829e87ab41
owner-admission,reverse,warm,baseline-final,BenchmarkNativeMixedCatalog/100000/owner=false/shows/cold=false/seed-owner=true,2,15,35901908.0,34011,12150824,19484,b824adda8e405859964671dafca4fd0a559087090e1122c9d8dfd1829e87ab41
owner-admission,reverse,warm,baseline-final,BenchmarkNativeMixedCatalog/100000/owner=false/shows/cold=false/seed-owner=true,3,15,35446833.0,34011,12161342,19486,b824adda8e405859964671dafca4fd0a559087090e1122c9d8dfd1829e87ab41
owner-admission,reverse,warm,baseline-final,BenchmarkNativeMixedCatalog/100000/owner=false/music/cold=false/seed-owner=false,1,18,35575516.0,19513,15449513,100488,a00b4d99c6789ce09d7a23abc92d7e8d5d1b68b63f6dbfe26c73e710fddd940e
owner-admission,reverse,warm,baseline-final,BenchmarkNativeMixedCatalog/100000/owner=false/music/cold=false/seed-owner=false,2,25,25787163.0,19513,15450340,100489,a00b4d99c6789ce09d7a23abc92d7e8d5d1b68b63f6dbfe26c73e710fddd940e
owner-admission,reverse,warm,baseline-final,BenchmarkNativeMixedCatalog/100000/owner=false/music/cold=false/seed-owner=false,3,21,30356440.0,19513,15444076,100487,a00b4d99c6789ce09d7a23abc92d7e8d5d1b68b63f6dbfe26c73e710fddd940e
owner-admission,reverse,warm,baseline-final,BenchmarkNativeMixedCatalog/100000/owner=false/music/cold=false/seed-owner=true,1,20,27133908.0,19513,15439880,100486,a00b4d99c6789ce09d7a23abc92d7e8d5d1b68b63f6dbfe26c73e710fddd940e
owner-admission,reverse,warm,baseline-final,BenchmarkNativeMixedCatalog/100000/owner=false/music/cold=false/seed-owner=true,2,22,25844843.0,19513,15447633,100488,a00b4d99c6789ce09d7a23abc92d7e8d5d1b68b63f6dbfe26c73e710fddd940e
owner-admission,reverse,warm,baseline-final,BenchmarkNativeMixedCatalog/100000/owner=false/music/cold=false/seed-owner=true,3,24,31521457.0,19513,15443552,100487,a00b4d99c6789ce09d7a23abc92d7e8d5d1b68b63f6dbfe26c73e710fddd940e
owner-admission,reverse,cold,candidate,BenchmarkNativeMixedCatalog/10000/owner=true/movies/cold=true/seed-owner=true,1,10,11014904.0,23812,4094360,23087,32fb9fc7742395782b46e1a1d87c57b3d0da504d4dc500f1808fb03ad8ccb32b
owner-admission,reverse,cold,candidate,BenchmarkNativeMixedCatalog/10000/owner=true/movies/cold=true/seed-owner=true,2,10,10219038.0,23812,4094360,23087,32fb9fc7742395782b46e1a1d87c57b3d0da504d4dc500f1808fb03ad8ccb32b
owner-admission,reverse,cold,candidate,BenchmarkNativeMixedCatalog/10000/owner=true/movies/cold=true/seed-owner=true,3,10,9360004.0,23812,4105756,23089,32fb9fc7742395782b46e1a1d87c57b3d0da504d4dc500f1808fb03ad8ccb32b
owner-admission,reverse,cold,candidate,BenchmarkNativeMixedCatalog/10000/owner=true/shows/cold=true/seed-owner=true,1,10,4069621.0,38009,1931472,3931,bc3d0ca8dfcbb4e8ec75438c071d7c37a63f3941908a8b5af86af3cdff3c42ac
owner-admission,reverse,cold,candidate,BenchmarkNativeMixedCatalog/10000/owner=true/shows/cold=true/seed-owner=true,2,10,3838012.0,38009,1946964,3933,bc3d0ca8dfcbb4e8ec75438c071d7c37a63f3941908a8b5af86af3cdff3c42ac
owner-admission,reverse,cold,candidate,BenchmarkNativeMixedCatalog/10000/owner=true/shows/cold=true/seed-owner=true,3,10,3545438.0,38009,1946962,3933,bc3d0ca8dfcbb4e8ec75438c071d7c37a63f3941908a8b5af86af3cdff3c42ac
owner-admission,reverse,cold,candidate,BenchmarkNativeMixedCatalog/10000/owner=true/music/cold=true/seed-owner=true,1,10,4497225.0,23511,3127192,20586,88b1f90aad51ddb58bde34312bfcadf5be689f3afbeae9aa19c4772cf7bea822
owner-admission,reverse,cold,candidate,BenchmarkNativeMixedCatalog/10000/owner=true/music/cold=true/seed-owner=true,2,10,4416546.0,23511,3127192,20586,88b1f90aad51ddb58bde34312bfcadf5be689f3afbeae9aa19c4772cf7bea822
owner-admission,reverse,cold,candidate,BenchmarkNativeMixedCatalog/10000/owner=true/music/cold=true/seed-owner=true,3,10,4431712.0,23511,3127192,20586,88b1f90aad51ddb58bde34312bfcadf5be689f3afbeae9aa19c4772cf7bea822
owner-admission,reverse,cold,candidate,BenchmarkNativeMixedCatalog/10000/owner=false/movies/cold=true/seed-owner=false,1,10,3923929.0,19812,2244264,11734,ec81334eaa77a7f099883506544f6b405bf7635e5aec3a4cb78424838f58cde9
owner-admission,reverse,cold,candidate,BenchmarkNativeMixedCatalog/10000/owner=false/movies/cold=true/seed-owner=false,2,10,3824325.0,19812,2244264,11734,ec81334eaa77a7f099883506544f6b405bf7635e5aec3a4cb78424838f58cde9
owner-admission,reverse,cold,candidate,BenchmarkNativeMixedCatalog/10000/owner=false/movies/cold=true/seed-owner=false,3,10,4849158.0,19812,2244264,11734,ec81334eaa77a7f099883506544f6b405bf7635e5aec3a4cb78424838f58cde9
owner-admission,reverse,cold,candidate,BenchmarkNativeMixedCatalog/10000/owner=false/shows/cold=true/seed-owner=false,1,10,3020446.0,34009,1482240,2577,260cf15e81ea81984f52536eb6bd6d49256e84df11c83dbb63a17801d5c5e5a5
owner-admission,reverse,cold,candidate,BenchmarkNativeMixedCatalog/10000/owner=false/shows/cold=true/seed-owner=false,2,10,3241446.0,34009,1482240,2577,260cf15e81ea81984f52536eb6bd6d49256e84df11c83dbb63a17801d5c5e5a5
owner-admission,reverse,cold,candidate,BenchmarkNativeMixedCatalog/10000/owner=false/shows/cold=true/seed-owner=false,3,10,3154275.0,34009,1482240,2577,260cf15e81ea81984f52536eb6bd6d49256e84df11c83dbb63a17801d5c5e5a5
owner-admission,reverse,cold,candidate,BenchmarkNativeMixedCatalog/10000/owner=false/music/cold=true/seed-owner=false,1,10,3157250.0,19511,1756584,10483,88e61f1c1bad6b5e53da42aebcbafa7819def02d908f2dfbf8a50a2c0594844c
owner-admission,reverse,cold,candidate,BenchmarkNativeMixedCatalog/10000/owner=false/music/cold=true/seed-owner=false,2,10,3054404.0,19511,1756584,10483,88e61f1c1bad6b5e53da42aebcbafa7819def02d908f2dfbf8a50a2c0594844c
owner-admission,reverse,cold,candidate,BenchmarkNativeMixedCatalog/10000/owner=false/music/cold=true/seed-owner=false,3,10,2980508.0,19511,1756584,10483,88e61f1c1bad6b5e53da42aebcbafa7819def02d908f2dfbf8a50a2c0594844c
owner-admission,reverse,cold,candidate,BenchmarkNativeMixedCatalog/100000/owner=true/movies/cold=true/seed-owner=true,1,10,68067775.0,23814,38704271,225598,3edef7c2adaa829e5ca3563d3f441e9d65a274906b1d6084f962fbf56c0383cb
owner-admission,reverse,cold,candidate,BenchmarkNativeMixedCatalog/100000/owner=true/movies/cold=true/seed-owner=true,2,10,75440904.0,23814,38715648,225600,3edef7c2adaa829e5ca3563d3f441e9d65a274906b1d6084f962fbf56c0383cb
owner-admission,reverse,cold,candidate,BenchmarkNativeMixedCatalog/100000/owner=true/movies/cold=true/seed-owner=true,3,10,72462542.0,23814,38692856,225595,3edef7c2adaa829e5ca3563d3f441e9d65a274906b1d6084f962fbf56c0383cb
owner-admission,reverse,cold,candidate,BenchmarkNativeMixedCatalog/100000/owner=true/shows/cold=true/seed-owner=true,1,10,45390358.0,38011,16514186,32118,576100cb6dd5f2b0635fd575babda0c562222867a847e8235341384c4ea7ae0a
owner-admission,reverse,cold,candidate,BenchmarkNativeMixedCatalog/100000/owner=true/shows/cold=true/seed-owner=true,2,10,38657912.0,38011,16514188,32118,576100cb6dd5f2b0635fd575babda0c562222867a847e8235341384c4ea7ae0a
owner-admission,reverse,cold,candidate,BenchmarkNativeMixedCatalog/100000/owner=true/shows/cold=true/seed-owner=true,3,10,38770771.0,38011,16529680,32121,576100cb6dd5f2b0635fd575babda0c562222867a847e8235341384c4ea7ae0a
owner-admission,reverse,cold,candidate,BenchmarkNativeMixedCatalog/100000/owner=true/music/cold=true/seed-owner=true,1,10,46241808.0,23513,29063921,200589,6b130b184f0f0429d7e1e8f8e8013884c09a771529dbb996029faa09b7a08ef3
owner-admission,reverse,cold,candidate,BenchmarkNativeMixedCatalog/100000/owner=true/music/cold=true/seed-owner=true,2,10,46586258.0,23513,29098106,200597,6b130b184f0f0429d7e1e8f8e8013884c09a771529dbb996029faa09b7a08ef3
owner-admission,reverse,cold,candidate,BenchmarkNativeMixedCatalog/100000/owner=true/music/cold=true/seed-owner=true,3,10,54906042.0,23513,29075316,200592,6b130b184f0f0429d7e1e8f8e8013884c09a771529dbb996029faa09b7a08ef3
owner-admission,reverse,cold,candidate,BenchmarkNativeMixedCatalog/100000/owner=false/movies/cold=true/seed-owner=false,1,10,41270075.0,19814,20268890,112990,05d646cb84e3ba5e17c2b3e8a9d018151fd5a4a99118028d3cf6e66dd5525311
owner-admission,reverse,cold,candidate,BenchmarkNativeMixedCatalog/100000/owner=false/movies/cold=true/seed-owner=false,2,10,41174442.0,19814,20277420,112992,05d646cb84e3ba5e17c2b3e8a9d018151fd5a4a99118028d3cf6e66dd5525311
owner-admission,reverse,cold,candidate,BenchmarkNativeMixedCatalog/100000/owner=false/movies/cold=true/seed-owner=false,3,10,40673042.0,19814,20268890,112990,05d646cb84e3ba5e17c2b3e8a9d018151fd5a4a99118028d3cf6e66dd5525311
owner-admission,reverse,cold,candidate,BenchmarkNativeMixedCatalog/100000/owner=false/shows/cold=true/seed-owner=false,1,10,32743625.0,34011,12172173,19486,b824adda8e405859964671dafca4fd0a559087090e1122c9d8dfd1829e87ab41
owner-admission,reverse,cold,candidate,BenchmarkNativeMixedCatalog/100000/owner=false/shows/cold=true/seed-owner=false,2,10,34704233.0,34011,12187662,19489,b824adda8e405859964671dafca4fd0a559087090e1122c9d8dfd1829e87ab41
owner-admission,reverse,cold,candidate,BenchmarkNativeMixedCatalog/100000/owner=false/shows/cold=true/seed-owner=false,3,10,27595404.0,34011,12187662,19489,b824adda8e405859964671dafca4fd0a559087090e1122c9d8dfd1829e87ab41
owner-admission,reverse,cold,candidate,BenchmarkNativeMixedCatalog/100000/owner=false/music/cold=true/seed-owner=false,1,10,32227400.0,19513,15449099,100486,a00b4d99c6789ce09d7a23abc92d7e8d5d1b68b63f6dbfe26c73e710fddd940e
owner-admission,reverse,cold,candidate,BenchmarkNativeMixedCatalog/100000/owner=false/music/cold=true/seed-owner=false,2,10,56105537.0,19513,15466153,100491,a00b4d99c6789ce09d7a23abc92d7e8d5d1b68b63f6dbfe26c73e710fddd940e
owner-admission,reverse,cold,candidate,BenchmarkNativeMixedCatalog/100000/owner=false/music/cold=true/seed-owner=false,3,10,63701479.0,19513,15457628,100489,a00b4d99c6789ce09d7a23abc92d7e8d5d1b68b63f6dbfe26c73e710fddd940e
owner-admission,reverse,cold,baseline-final,BenchmarkNativeMixedCatalog/10000/owner=true/movies/cold=true/seed-owner=true,1,10,9702175.0,23812,4093928,23084,32fb9fc7742395782b46e1a1d87c57b3d0da504d4dc500f1808fb03ad8ccb32b
owner-admission,reverse,cold,baseline-final,BenchmarkNativeMixedCatalog/10000/owner=true/movies/cold=true/seed-owner=true,2,10,9199271.0,23812,4093928,23084,32fb9fc7742395782b46e1a1d87c57b3d0da504d4dc500f1808fb03ad8ccb32b
owner-admission,reverse,cold,baseline-final,BenchmarkNativeMixedCatalog/10000/owner=true/movies/cold=true/seed-owner=true,3,10,8990154.0,23812,4093928,23084,32fb9fc7742395782b46e1a1d87c57b3d0da504d4dc500f1808fb03ad8ccb32b
owner-admission,reverse,cold,baseline-final,BenchmarkNativeMixedCatalog/10000/owner=true/shows/cold=true/seed-owner=true,1,10,4800642.0,38009,1946964,3933,bc3d0ca8dfcbb4e8ec75438c071d7c37a63f3941908a8b5af86af3cdff3c42ac
owner-admission,reverse,cold,baseline-final,BenchmarkNativeMixedCatalog/10000/owner=true/shows/cold=true/seed-owner=true,2,10,4980304.0,38009,1931472,3931,bc3d0ca8dfcbb4e8ec75438c071d7c37a63f3941908a8b5af86af3cdff3c42ac
owner-admission,reverse,cold,baseline-final,BenchmarkNativeMixedCatalog/10000/owner=true/shows/cold=true/seed-owner=true,3,10,5538142.0,38009,1931472,3931,bc3d0ca8dfcbb4e8ec75438c071d7c37a63f3941908a8b5af86af3cdff3c42ac
owner-admission,reverse,cold,baseline-final,BenchmarkNativeMixedCatalog/10000/owner=true/music/cold=true/seed-owner=true,1,10,5926938.0,23511,3126760,20583,88b1f90aad51ddb58bde34312bfcadf5be689f3afbeae9aa19c4772cf7bea822
owner-admission,reverse,cold,baseline-final,BenchmarkNativeMixedCatalog/10000/owner=true/music/cold=true/seed-owner=true,2,10,4963342.0,23511,3126760,20583,88b1f90aad51ddb58bde34312bfcadf5be689f3afbeae9aa19c4772cf7bea822
owner-admission,reverse,cold,baseline-final,BenchmarkNativeMixedCatalog/10000/owner=true/music/cold=true/seed-owner=true,3,10,4893930.0,23511,3126760,20583,88b1f90aad51ddb58bde34312bfcadf5be689f3afbeae9aa19c4772cf7bea822
owner-admission,reverse,cold,baseline-final,BenchmarkNativeMixedCatalog/10000/owner=false/movies/cold=true/seed-owner=false,1,10,4671667.0,19812,2244264,11734,ec81334eaa77a7f099883506544f6b405bf7635e5aec3a4cb78424838f58cde9
owner-admission,reverse,cold,baseline-final,BenchmarkNativeMixedCatalog/10000/owner=false/movies/cold=true/seed-owner=false,2,10,4627404.0,19812,2244264,11734,ec81334eaa77a7f099883506544f6b405bf7635e5aec3a4cb78424838f58cde9
owner-admission,reverse,cold,baseline-final,BenchmarkNativeMixedCatalog/10000/owner=false/movies/cold=true/seed-owner=false,3,10,4647917.0,19812,2244264,11734,ec81334eaa77a7f099883506544f6b405bf7635e5aec3a4cb78424838f58cde9
owner-admission,reverse,cold,baseline-final,BenchmarkNativeMixedCatalog/10000/owner=false/shows/cold=true/seed-owner=false,1,10,4652083.0,34009,1482240,2577,260cf15e81ea81984f52536eb6bd6d49256e84df11c83dbb63a17801d5c5e5a5
owner-admission,reverse,cold,baseline-final,BenchmarkNativeMixedCatalog/10000/owner=false/shows/cold=true/seed-owner=false,2,10,3680358.0,34009,1482240,2577,260cf15e81ea81984f52536eb6bd6d49256e84df11c83dbb63a17801d5c5e5a5
owner-admission,reverse,cold,baseline-final,BenchmarkNativeMixedCatalog/10000/owner=false/shows/cold=true/seed-owner=false,3,10,3623587.0,34009,1482240,2577,260cf15e81ea81984f52536eb6bd6d49256e84df11c83dbb63a17801d5c5e5a5
owner-admission,reverse,cold,baseline-final,BenchmarkNativeMixedCatalog/10000/owner=false/music/cold=true/seed-owner=false,1,10,3963204.0,19511,1756584,10483,88e61f1c1bad6b5e53da42aebcbafa7819def02d908f2dfbf8a50a2c0594844c
owner-admission,reverse,cold,baseline-final,BenchmarkNativeMixedCatalog/10000/owner=false/music/cold=true/seed-owner=false,2,10,3703325.0,19511,1756584,10483,88e61f1c1bad6b5e53da42aebcbafa7819def02d908f2dfbf8a50a2c0594844c
owner-admission,reverse,cold,baseline-final,BenchmarkNativeMixedCatalog/10000/owner=false/music/cold=true/seed-owner=false,3,10,3790754.0,19511,1756584,10483,88e61f1c1bad6b5e53da42aebcbafa7819def02d908f2dfbf8a50a2c0594844c
owner-admission,reverse,cold,baseline-final,BenchmarkNativeMixedCatalog/100000/owner=true/movies/cold=true/seed-owner=true,1,10,77245033.0,23814,38692425,225592,3edef7c2adaa829e5ca3563d3f441e9d65a274906b1d6084f962fbf56c0383cb
owner-admission,reverse,cold,baseline-final,BenchmarkNativeMixedCatalog/100000/owner=true/movies/cold=true/seed-owner=true,2,10,86547929.0,23814,38692425,225592,3edef7c2adaa829e5ca3563d3f441e9d65a274906b1d6084f962fbf56c0383cb
owner-admission,reverse,cold,baseline-final,BenchmarkNativeMixedCatalog/100000/owner=true/movies/cold=true/seed-owner=true,3,10,93459283.0,23814,38692420,225592,3edef7c2adaa829e5ca3563d3f441e9d65a274906b1d6084f962fbf56c0383cb
owner-admission,reverse,cold,baseline-final,BenchmarkNativeMixedCatalog/100000/owner=true/shows/cold=true/seed-owner=true,1,10,64895537.0,38011,16483205,32113,576100cb6dd5f2b0635fd575babda0c562222867a847e8235341384c4ea7ae0a
owner-admission,reverse,cold,baseline-final,BenchmarkNativeMixedCatalog/100000/owner=true/shows/cold=true/seed-owner=true,2,10,85219116.0,38011,16529678,32121,576100cb6dd5f2b0635fd575babda0c562222867a847e8235341384c4ea7ae0a
owner-admission,reverse,cold,baseline-final,BenchmarkNativeMixedCatalog/100000/owner=true/shows/cold=true/seed-owner=true,3,10,63669742.0,38011,16529676,32121,576100cb6dd5f2b0635fd575babda0c562222867a847e8235341384c4ea7ae0a
owner-admission,reverse,cold,baseline-final,BenchmarkNativeMixedCatalog/100000/owner=true/music/cold=true/seed-owner=true,1,10,63785121.0,23513,29086278,200591,6b130b184f0f0429d7e1e8f8e8013884c09a771529dbb996029faa09b7a08ef3
owner-admission,reverse,cold,baseline-final,BenchmarkNativeMixedCatalog/100000/owner=true/music/cold=true/seed-owner=true,2,10,43008888.0,23513,29097674,200594,6b130b184f0f0429d7e1e8f8e8013884c09a771529dbb996029faa09b7a08ef3
owner-admission,reverse,cold,baseline-final,BenchmarkNativeMixedCatalog/100000/owner=true/music/cold=true/seed-owner=true,3,10,46617604.0,23513,29074884,200589,6b130b184f0f0429d7e1e8f8e8013884c09a771529dbb996029faa09b7a08ef3
owner-admission,reverse,cold,baseline-final,BenchmarkNativeMixedCatalog/100000/owner=false/movies/cold=true/seed-owner=false,1,10,50053979.0,19814,20277420,112992,05d646cb84e3ba5e17c2b3e8a9d018151fd5a4a99118028d3cf6e66dd5525311
owner-admission,reverse,cold,baseline-final,BenchmarkNativeMixedCatalog/100000/owner=false/movies/cold=true/seed-owner=false,2,10,51407267.0,19814,20277422,112992,05d646cb84e3ba5e17c2b3e8a9d018151fd5a4a99118028d3cf6e66dd5525311
owner-admission,reverse,cold,baseline-final,BenchmarkNativeMixedCatalog/100000/owner=false/movies/cold=true/seed-owner=false,3,10,55029325.0,19814,20277420,112992,05d646cb84e3ba5e17c2b3e8a9d018151fd5a4a99118028d3cf6e66dd5525311
owner-admission,reverse,cold,baseline-final,BenchmarkNativeMixedCatalog/100000/owner=false/shows/cold=true/seed-owner=false,1,10,37310634.0,34011,12172173,19486,b824adda8e405859964671dafca4fd0a559087090e1122c9d8dfd1829e87ab41
owner-admission,reverse,cold,baseline-final,BenchmarkNativeMixedCatalog/100000/owner=false/shows/cold=true/seed-owner=false,2,10,38565196.0,34011,12187660,19489,b824adda8e405859964671dafca4fd0a559087090e1122c9d8dfd1829e87ab41
owner-admission,reverse,cold,baseline-final,BenchmarkNativeMixedCatalog/100000/owner=false/shows/cold=true/seed-owner=false,3,10,41351013.0,34011,12172175,19486,b824adda8e405859964671dafca4fd0a559087090e1122c9d8dfd1829e87ab41
owner-admission,reverse,cold,baseline-final,BenchmarkNativeMixedCatalog/100000/owner=false/music/cold=true/seed-owner=false,1,10,41474221.0,19513,15466158,100491,a00b4d99c6789ce09d7a23abc92d7e8d5d1b68b63f6dbfe26c73e710fddd940e
owner-admission,reverse,cold,baseline-final,BenchmarkNativeMixedCatalog/100000/owner=false/music/cold=true/seed-owner=false,2,10,34688750.0,19513,15466153,100491,a00b4d99c6789ce09d7a23abc92d7e8d5d1b68b63f6dbfe26c73e710fddd940e
owner-admission,reverse,cold,baseline-final,BenchmarkNativeMixedCatalog/100000/owner=false/music/cold=true/seed-owner=false,3,10,30624088.0,19513,15457628,100489,a00b4d99c6789ce09d7a23abc92d7e8d5d1b68b63f6dbfe26c73e710fddd940e
owner-admission,interleaved,warm,baseline-final,BenchmarkNativeMixedCatalog/100000/owner=true/movies/cold=false/seed-owner=true,1,32,73810409,23814,38679176,225592,3edef7c2adaa829e5ca3563d3f441e9d65a274906b1d6084f962fbf56c0383cb
owner-admission,interleaved,warm,baseline-final,BenchmarkNativeMixedCatalog/100000/owner=true/movies/cold=false/seed-owner=true,2,36,69669941,23814,38676859,225591,3edef7c2adaa829e5ca3563d3f441e9d65a274906b1d6084f962fbf56c0383cb
owner-admission,interleaved,warm,candidate,BenchmarkNativeMixedCatalog/100000/owner=true/movies/cold=false/seed-owner=true,3,58,41153250,23814,22639851,175577,3edef7c2adaa829e5ca3563d3f441e9d65a274906b1d6084f962fbf56c0383cb
owner-admission,interleaved,warm,candidate,BenchmarkNativeMixedCatalog/100000/owner=true/movies/cold=false/seed-owner=true,4,73,35635028,23814,22636286,175576,3edef7c2adaa829e5ca3563d3f441e9d65a274906b1d6084f962fbf56c0383cb
owner-admission,interleaved,warm,candidate,BenchmarkNativeMixedCatalog/100000/owner=true/movies/cold=false/seed-owner=true,5,67,38262475,23814,22641960,175577,3edef7c2adaa829e5ca3563d3f441e9d65a274906b1d6084f962fbf56c0383cb
owner-admission,interleaved,warm,candidate,BenchmarkNativeMixedCatalog/100000/owner=true/movies/cold=false/seed-owner=true,6,78,31877088,23814,22643212,175578,3edef7c2adaa829e5ca3563d3f441e9d65a274906b1d6084f962fbf56c0383cb
owner-admission,interleaved,warm,baseline-final,BenchmarkNativeMixedCatalog/100000/owner=true/movies/cold=false/seed-owner=true,7,28,78946930,23814,38678197,225591,3edef7c2adaa829e5ca3563d3f441e9d65a274906b1d6084f962fbf56c0383cb
owner-admission,interleaved,warm,baseline-final,BenchmarkNativeMixedCatalog/100000/owner=true/movies/cold=false/seed-owner=true,8,19,113416682,23814,38663842,225588,3edef7c2adaa829e5ca3563d3f441e9d65a274906b1d6084f962fbf56c0383cb
owner-admission,interleaved,warm,baseline-final,BenchmarkNativeMixedCatalog/100000/owner=true/music/cold=false/seed-owner=true,1,46,50751280,23513,29066512,200589,6b130b184f0f0429d7e1e8f8e8013884c09a771529dbb996029faa09b7a08ef3
owner-admission,interleaved,warm,baseline-final,BenchmarkNativeMixedCatalog/100000/owner=true/music/cold=false/seed-owner=true,2,43,51530205,23513,29064848,200589,6b130b184f0f0429d7e1e8f8e8013884c09a771529dbb996029faa09b7a08ef3
owner-admission,interleaved,warm,candidate,BenchmarkNativeMixedCatalog/100000/owner=true/music/cold=false/seed-owner=true,3,98,25094740,23513,22247335,175577,6b130b184f0f0429d7e1e8f8e8013884c09a771529dbb996029faa09b7a08ef3
owner-admission,interleaved,warm,candidate,BenchmarkNativeMixedCatalog/100000/owner=true/music/cold=false/seed-owner=true,4,90,23420846,23513,22249514,175578,6b130b184f0f0429d7e1e8f8e8013884c09a771529dbb996029faa09b7a08ef3
owner-admission,interleaved,warm,candidate,BenchmarkNativeMixedCatalog/100000/owner=true/music/cold=false/seed-owner=true,5,73,29489803,23513,22244664,175576,6b130b184f0f0429d7e1e8f8e8013884c09a771529dbb996029faa09b7a08ef3
owner-admission,interleaved,warm,candidate,BenchmarkNativeMixedCatalog/100000/owner=true/music/cold=false/seed-owner=true,6,85,28360116,23513,22246217,175577,6b130b184f0f0429d7e1e8f8e8013884c09a771529dbb996029faa09b7a08ef3
owner-admission,interleaved,warm,baseline-final,BenchmarkNativeMixedCatalog/100000/owner=true/music/cold=false/seed-owner=true,7,46,58693787,23513,29066512,200589,6b130b184f0f0429d7e1e8f8e8013884c09a771529dbb996029faa09b7a08ef3
owner-admission,interleaved,warm,baseline-final,BenchmarkNativeMixedCatalog/100000/owner=true/music/cold=false/seed-owner=true,8,43,99179542,23513,29067498,200589,6b130b184f0f0429d7e1e8f8e8013884c09a771529dbb996029faa09b7a08ef3
owner-admission,interleaved,warm,baseline-final,BenchmarkNativeMixedCatalog/100000/owner=false/movies/cold=false/seed-owner=false,1,33,67115066,19814,20264237,112990,05d646cb84e3ba5e17c2b3e8a9d018151fd5a4a99118028d3cf6e66dd5525311
owner-admission,interleaved,warm,baseline-final,BenchmarkNativeMixedCatalog/100000/owner=false/movies/cold=false/seed-owner=false,2,43,60686526,19814,20257295,112989,05d646cb84e3ba5e17c2b3e8a9d018151fd5a4a99118028d3cf6e66dd5525311
owner-admission,interleaved,warm,candidate,BenchmarkNativeMixedCatalog/100000/owner=false/movies/cold=false/seed-owner=false,3,38,53908800,19814,20264833,112991,05d646cb84e3ba5e17c2b3e8a9d018151fd5a4a99118028d3cf6e66dd5525311
owner-admission,interleaved,warm,candidate,BenchmarkNativeMixedCatalog/100000/owner=false/movies/cold=false/seed-owner=false,4,36,65818424,19814,20267963,112992,05d646cb84e3ba5e17c2b3e8a9d018151fd5a4a99118028d3cf6e66dd5525311
owner-admission,interleaved,warm,candidate,BenchmarkNativeMixedCatalog/100000/owner=false/movies/cold=false/seed-owner=false,5,37,56024490,19814,20260595,112989,05d646cb84e3ba5e17c2b3e8a9d018151fd5a4a99118028d3cf6e66dd5525311
owner-admission,interleaved,warm,candidate,BenchmarkNativeMixedCatalog/100000/owner=false/movies/cold=false/seed-owner=false,6,43,50066738,19814,20263241,112990,05d646cb84e3ba5e17c2b3e8a9d018151fd5a4a99118028d3cf6e66dd5525311
owner-admission,interleaved,warm,baseline-final,BenchmarkNativeMixedCatalog/100000/owner=false/movies/cold=false/seed-owner=false,7,48,47004286,19814,20254877,112988,05d646cb84e3ba5e17c2b3e8a9d018151fd5a4a99118028d3cf6e66dd5525311
owner-admission,interleaved,warm,baseline-final,BenchmarkNativeMixedCatalog/100000/owner=false/movies/cold=false/seed-owner=false,8,55,43457536,19814,20257552,112989,05d646cb84e3ba5e17c2b3e8a9d018151fd5a4a99118028d3cf6e66dd5525311
owner-admission,interleaved,warm,baseline-final,BenchmarkNativeMixedCatalog/100000/owner=false/movies/cold=false/seed-owner=true,1,51,44277840,19814,20256329,112988,05d646cb84e3ba5e17c2b3e8a9d018151fd5a4a99118028d3cf6e66dd5525311
owner-admission,interleaved,warm,baseline-final,BenchmarkNativeMixedCatalog/100000/owner=false/movies/cold=false/seed-owner=true,2,51,49428810,19814,20256327,112988,05d646cb84e3ba5e17c2b3e8a9d018151fd5a4a99118028d3cf6e66dd5525311
owner-admission,interleaved,warm,candidate,BenchmarkNativeMixedCatalog/100000/owner=false/movies/cold=false/seed-owner=true,3,67,32736536,19814,11829033,87976,05d646cb84e3ba5e17c2b3e8a9d018151fd5a4a99118028d3cf6e66dd5525311
owner-admission,interleaved,warm,candidate,BenchmarkNativeMixedCatalog/100000/owner=false/movies/cold=false/seed-owner=true,4,94,25448169,19814,11829026,87976,05d646cb84e3ba5e17c2b3e8a9d018151fd5a4a99118028d3cf6e66dd5525311
owner-admission,interleaved,warm,candidate,BenchmarkNativeMixedCatalog/100000/owner=false/movies/cold=false/seed-owner=true,5,84,31038731,19814,11826713,87976,05d646cb84e3ba5e17c2b3e8a9d018151fd5a4a99118028d3cf6e66dd5525311
owner-admission,interleaved,warm,candidate,BenchmarkNativeMixedCatalog/100000/owner=false/movies/cold=false/seed-owner=true,6,100,21880662,19814,11827787,87976,05d646cb84e3ba5e17c2b3e8a9d018151fd5a4a99118028d3cf6e66dd5525311
owner-admission,interleaved,warm,baseline-final,BenchmarkNativeMixedCatalog/100000/owner=false/movies/cold=false/seed-owner=true,7,56,39444132,19814,20263479,112990,05d646cb84e3ba5e17c2b3e8a9d018151fd5a4a99118028d3cf6e66dd5525311
owner-admission,interleaved,warm,baseline-final,BenchmarkNativeMixedCatalog/100000/owner=false/movies/cold=false/seed-owner=true,8,50,46110467,19814,20256434,112988,05d646cb84e3ba5e17c2b3e8a9d018151fd5a4a99118028d3cf6e66dd5525311
owner-admission,interleaved,warm,baseline-final,BenchmarkNativeMixedCatalog/100000/owner=false/music/cold=false/seed-owner=false,1,75,28376646,19513,15444581,100487,a00b4d99c6789ce09d7a23abc92d7e8d5d1b68b63f6dbfe26c73e710fddd940e
owner-admission,interleaved,warm,baseline-final,BenchmarkNativeMixedCatalog/100000/owner=false/music/cold=false/seed-owner=false,2,66,31467698,19513,15449054,100488,a00b4d99c6789ce09d7a23abc92d7e8d5d1b68b63f6dbfe26c73e710fddd940e
owner-admission,interleaved,warm,candidate,BenchmarkNativeMixedCatalog/100000/owner=false/music/cold=false/seed-owner=false,3,72,36519802,19513,15447144,100488,a00b4d99c6789ce09d7a23abc92d7e8d5d1b68b63f6dbfe26c73e710fddd940e
owner-admission,interleaved,warm,candidate,BenchmarkNativeMixedCatalog/100000/owner=false/music/cold=false/seed-owner=false,4,40,51758790,19513,15448551,100488,a00b4d99c6789ce09d7a23abc92d7e8d5d1b68b63f6dbfe26c73e710fddd940e
owner-admission,interleaved,warm,candidate,BenchmarkNativeMixedCatalog/100000/owner=false/music/cold=false/seed-owner=false,5,72,50668993,19513,15448330,100488,a00b4d99c6789ce09d7a23abc92d7e8d5d1b68b63f6dbfe26c73e710fddd940e
owner-admission,interleaved,warm,candidate,BenchmarkNativeMixedCatalog/100000/owner=false/music/cold=false/seed-owner=false,6,54,43690930,19513,15447934,100488,a00b4d99c6789ce09d7a23abc92d7e8d5d1b68b63f6dbfe26c73e710fddd940e
owner-admission,interleaved,warm,baseline-final,BenchmarkNativeMixedCatalog/100000/owner=false/music/cold=false/seed-owner=false,7,56,44177266,19513,15450692,100489,a00b4d99c6789ce09d7a23abc92d7e8d5d1b68b63f6dbfe26c73e710fddd940e
owner-admission,interleaved,warm,baseline-final,BenchmarkNativeMixedCatalog/100000/owner=false/music/cold=false/seed-owner=false,8,42,54048245,19513,15446106,100487,a00b4d99c6789ce09d7a23abc92d7e8d5d1b68b63f6dbfe26c73e710fddd940e
owner-admission,interleaved,warm,baseline-final,BenchmarkNativeMixedCatalog/100000/owner=false/music/cold=false/seed-owner=true,1,46,43786174,19513,15449272,100488,a00b4d99c6789ce09d7a23abc92d7e8d5d1b68b63f6dbfe26c73e710fddd940e
owner-admission,interleaved,warm,baseline-final,BenchmarkNativeMixedCatalog/100000/owner=false/music/cold=false/seed-owner=true,2,46,61615004,19513,15445566,100487,a00b4d99c6789ce09d7a23abc92d7e8d5d1b68b63f6dbfe26c73e710fddd940e
owner-admission,interleaved,warm,candidate,BenchmarkNativeMixedCatalog/100000/owner=false/music/cold=false/seed-owner=true,3,84,30708384,19513,11434514,87976,a00b4d99c6789ce09d7a23abc92d7e8d5d1b68b63f6dbfe26c73e710fddd940e
owner-admission,interleaved,warm,candidate,BenchmarkNativeMixedCatalog/100000/owner=false/music/cold=false/seed-owner=true,4,92,25693038,19513,11435024,87976,a00b4d99c6789ce09d7a23abc92d7e8d5d1b68b63f6dbfe26c73e710fddd940e
owner-admission,interleaved,warm,candidate,BenchmarkNativeMixedCatalog/100000/owner=false/music/cold=false/seed-owner=true,5,117,19421198,19513,11433086,87976,a00b4d99c6789ce09d7a23abc92d7e8d5d1b68b63f6dbfe26c73e710fddd940e
owner-admission,interleaved,warm,candidate,BenchmarkNativeMixedCatalog/100000/owner=false/music/cold=false/seed-owner=true,6,128,19771858,19513,11433455,87976,a00b4d99c6789ce09d7a23abc92d7e8d5d1b68b63f6dbfe26c73e710fddd940e
owner-admission,interleaved,warm,baseline-final,BenchmarkNativeMixedCatalog/100000/owner=false/music/cold=false/seed-owner=true,7,85,27855250,19513,15448006,100488,a00b4d99c6789ce09d7a23abc92d7e8d5d1b68b63f6dbfe26c73e710fddd940e
owner-admission,interleaved,warm,baseline-final,BenchmarkNativeMixedCatalog/100000/owner=false/music/cold=false/seed-owner=true,8,74,30003161,19513,15446909,100488,a00b4d99c6789ce09d7a23abc92d7e8d5d1b68b63f6dbfe26c73e710fddd940e
owner-admission,interleaved,warm,baseline-final,BenchmarkNativeMixedCatalog/100000/owner=true/shows/cold=false/seed-owner=true,1,69,35314867,38011,16498392,32117,576100cb6dd5f2b0635fd575babda0c562222867a847e8235341384c4ea7ae0a
owner-admission,interleaved,warm,baseline-final,BenchmarkNativeMixedCatalog/100000/owner=true/shows/cold=false/seed-owner=true,2,62,40718914,38011,16495142,32117,576100cb6dd5f2b0635fd575babda0c562222867a847e8235341384c4ea7ae0a
owner-admission,interleaved,warm,candidate,BenchmarkNativeMixedCatalog/100000/owner=true/shows/cold=false/seed-owner=true,3,64,37163718,38011,16494832,32117,576100cb6dd5f2b0635fd575babda0c562222867a847e8235341384c4ea7ae0a
owner-admission,interleaved,warm,candidate,BenchmarkNativeMixedCatalog/100000/owner=true/shows/cold=false/seed-owner=true,4,62,38008166,38011,16492644,32116,576100cb6dd5f2b0635fd575babda0c562222867a847e8235341384c4ea7ae0a
owner-admission,interleaved,warm,candidate,BenchmarkNativeMixedCatalog/100000/owner=true/shows/cold=false/seed-owner=true,5,63,39954283,38011,16502318,32118,576100cb6dd5f2b0635fd575babda0c562222867a847e8235341384c4ea7ae0a
owner-admission,interleaved,warm,candidate,BenchmarkNativeMixedCatalog/100000/owner=true/shows/cold=false/seed-owner=true,6,62,37845968,38011,16492646,32116,576100cb6dd5f2b0635fd575babda0c562222867a847e8235341384c4ea7ae0a
owner-admission,interleaved,warm,baseline-final,BenchmarkNativeMixedCatalog/100000/owner=true/shows/cold=false/seed-owner=true,7,63,35038801,38011,16494944,32117,576100cb6dd5f2b0635fd575babda0c562222867a847e8235341384c4ea7ae0a
owner-admission,interleaved,warm,baseline-final,BenchmarkNativeMixedCatalog/100000/owner=true/shows/cold=false/seed-owner=true,8,61,39773821,38011,16495349,32117,576100cb6dd5f2b0635fd575babda0c562222867a847e8235341384c4ea7ae0a
owner-admission,clean-recheck,warm,baseline-final,BenchmarkNativeMixedCatalog/100000/owner=false/movies/cold=false/seed-owner=false,1,20,110513819,19814,20268490,112992,05d646cb84e3ba5e17c2b3e8a9d018151fd5a4a99118028d3cf6e66dd5525311
owner-admission,clean-recheck,warm,baseline-final,BenchmarkNativeMixedCatalog/100000/owner=false/movies/cold=false/seed-owner=false,2,8,277883344,19814,20272819,112993,05d646cb84e3ba5e17c2b3e8a9d018151fd5a4a99118028d3cf6e66dd5525311
owner-admission,clean-recheck,warm,candidate,BenchmarkNativeMixedCatalog/100000/owner=false/movies/cold=false/seed-owner=false,3,26,104188668,19814,20261202,112990,05d646cb84e3ba5e17c2b3e8a9d018151fd5a4a99118028d3cf6e66dd5525311
owner-admission,clean-recheck,warm,candidate,BenchmarkNativeMixedCatalog/100000/owner=false/movies/cold=false/seed-owner=false,4,19,107524809,19814,20269405,112992,05d646cb84e3ba5e17c2b3e8a9d018151fd5a4a99118028d3cf6e66dd5525311
owner-admission,clean-recheck,warm,candidate,BenchmarkNativeMixedCatalog/100000/owner=false/movies/cold=false/seed-owner=false,5,28,87306579,19814,20266575,112991,05d646cb84e3ba5e17c2b3e8a9d018151fd5a4a99118028d3cf6e66dd5525311
owner-admission,clean-recheck,warm,candidate,BenchmarkNativeMixedCatalog/100000/owner=false/movies/cold=false/seed-owner=false,6,21,109781062,19814,20259538,112989,05d646cb84e3ba5e17c2b3e8a9d018151fd5a4a99118028d3cf6e66dd5525311
owner-admission,clean-recheck,warm,baseline-final,BenchmarkNativeMixedCatalog/100000/owner=false/movies/cold=false/seed-owner=false,7,22,101526494,19814,20259027,112989,05d646cb84e3ba5e17c2b3e8a9d018151fd5a4a99118028d3cf6e66dd5525311
owner-admission,clean-recheck,warm,baseline-final,BenchmarkNativeMixedCatalog/100000/owner=false/movies/cold=false/seed-owner=false,8,19,113023903,19814,20264910,112991,05d646cb84e3ba5e17c2b3e8a9d018151fd5a4a99118028d3cf6e66dd5525311
lifetime-proposal,interleaved,warm,candidate,BenchmarkNativeMixedCatalog/100000/owner=true/movies/cold=false/seed-owner=true,0-1,96,24766816,23814,22643117,175578,3edef7c2adaa829e5ca3563d3f441e9d65a274906b1d6084f962fbf56c0383cb
lifetime-proposal,interleaved,warm,candidate,BenchmarkNativeMixedCatalog/100000/owner=true/movies/cold=false/seed-owner=true,0-2,100,25353428,23814,22643725,175578,3edef7c2adaa829e5ca3563d3f441e9d65a274906b1d6084f962fbf56c0383cb
lifetime-proposal,interleaved,warm,lifetime,BenchmarkNativeMixedCatalog/100000/owner=true/movies/cold=false/seed-owner=true,1-1,90,24799072,23814,22642701,175578,3edef7c2adaa829e5ca3563d3f441e9d65a274906b1d6084f962fbf56c0383cb
lifetime-proposal,interleaved,warm,lifetime,BenchmarkNativeMixedCatalog/100000/owner=true/movies/cold=false/seed-owner=true,1-2,100,28779229,23814,22643725,175578,3edef7c2adaa829e5ca3563d3f441e9d65a274906b1d6084f962fbf56c0383cb
lifetime-proposal,interleaved,warm,lifetime,BenchmarkNativeMixedCatalog/100000/owner=true/movies/cold=false/seed-owner=true,2-1,73,33334524,23814,22642524,175577,3edef7c2adaa829e5ca3563d3f441e9d65a274906b1d6084f962fbf56c0383cb
lifetime-proposal,interleaved,warm,lifetime,BenchmarkNativeMixedCatalog/100000/owner=true/movies/cold=false/seed-owner=true,2-2,90,27659367,23814,22641466,175577,3edef7c2adaa829e5ca3563d3f441e9d65a274906b1d6084f962fbf56c0383cb
lifetime-proposal,interleaved,warm,candidate,BenchmarkNativeMixedCatalog/100000/owner=true/movies/cold=false/seed-owner=true,3-1,94,26235093,23814,22639759,175577,3edef7c2adaa829e5ca3563d3f441e9d65a274906b1d6084f962fbf56c0383cb
lifetime-proposal,interleaved,warm,candidate,BenchmarkNativeMixedCatalog/100000/owner=true/movies/cold=false/seed-owner=true,3-2,90,27431046,23814,22644000,175578,3edef7c2adaa829e5ca3563d3f441e9d65a274906b1d6084f962fbf56c0383cb
lifetime-proposal,interleaved,warm,candidate,BenchmarkNativeMixedCatalog/100000/owner=true/music/cold=false/seed-owner=true,0-1,112,21275110,23513,22251114,175578,6b130b184f0f0429d7e1e8f8e8013884c09a771529dbb996029faa09b7a08ef3
lifetime-proposal,interleaved,warm,candidate,BenchmarkNativeMixedCatalog/100000/owner=true/music/cold=false/seed-owner=true,0-2,100,21468508,23513,22247092,175577,6b130b184f0f0429d7e1e8f8e8013884c09a771529dbb996029faa09b7a08ef3
lifetime-proposal,interleaved,warm,lifetime,BenchmarkNativeMixedCatalog/100000/owner=true/music/cold=false/seed-owner=true,1-1,116,19553345,23513,22247668,175577,6b130b184f0f0429d7e1e8f8e8013884c09a771529dbb996029faa09b7a08ef3
lifetime-proposal,interleaved,warm,lifetime,BenchmarkNativeMixedCatalog/100000/owner=true/music/cold=false/seed-owner=true,1-2,123,19910409,23513,22247040,175577,6b130b184f0f0429d7e1e8f8e8013884c09a771529dbb996029faa09b7a08ef3
lifetime-proposal,interleaved,warm,lifetime,BenchmarkNativeMixedCatalog/100000/owner=true/music/cold=false/seed-owner=true,2-1,127,18791491,23513,22247610,175577,6b130b184f0f0429d7e1e8f8e8013884c09a771529dbb996029faa09b7a08ef3
lifetime-proposal,interleaved,warm,lifetime,BenchmarkNativeMixedCatalog/100000/owner=true/music/cold=false/seed-owner=true,2-2,127,18591834,23513,22252994,175578,6b130b184f0f0429d7e1e8f8e8013884c09a771529dbb996029faa09b7a08ef3
lifetime-proposal,interleaved,warm,candidate,BenchmarkNativeMixedCatalog/100000/owner=true/music/cold=false/seed-owner=true,3-1,133,18020575,23513,22248853,175577,6b130b184f0f0429d7e1e8f8e8013884c09a771529dbb996029faa09b7a08ef3
lifetime-proposal,interleaved,warm,candidate,BenchmarkNativeMixedCatalog/100000/owner=true/music/cold=false/seed-owner=true,3-2,134,17669963,23513,22247892,175577,6b130b184f0f0429d7e1e8f8e8013884c09a771529dbb996029faa09b7a08ef3
lifetime-proposal,interleaved,warm,candidate,BenchmarkNativeMixedCatalog/100000/owner=false/music/cold=false/seed-owner=false,0-1,123,19240867,19513,15446259,100487,a00b4d99c6789ce09d7a23abc92d7e8d5d1b68b63f6dbfe26c73e710fddd940e
lifetime-proposal,interleaved,warm,candidate,BenchmarkNativeMixedCatalog/100000/owner=false/music/cold=false/seed-owner=false,0-2,100,20121735,19513,15449403,100488,a00b4d99c6789ce09d7a23abc92d7e8d5d1b68b63f6dbfe26c73e710fddd940e
lifetime-proposal,interleaved,warm,lifetime,BenchmarkNativeMixedCatalog/100000/owner=false/music/cold=false/seed-owner=false,1-1,34,111352312,19513,15452592,100489,a00b4d99c6789ce09d7a23abc92d7e8d5d1b68b63f6dbfe26c73e710fddd940e
lifetime-proposal,interleaved,warm,lifetime,BenchmarkNativeMixedCatalog/100000/owner=false/music/cold=false/seed-owner=false,1-2,25,107751355,19513,15450341,100489,a00b4d99c6789ce09d7a23abc92d7e8d5d1b68b63f6dbfe26c73e710fddd940e
lifetime-proposal,interleaved,warm,lifetime,BenchmarkNativeMixedCatalog/100000/owner=false/music/cold=false/seed-owner=false,2-1,60,37713008,19513,15445708,100487,a00b4d99c6789ce09d7a23abc92d7e8d5d1b68b63f6dbfe26c73e710fddd940e
lifetime-proposal,interleaved,warm,lifetime,BenchmarkNativeMixedCatalog/100000/owner=false/music/cold=false/seed-owner=false,2-2,58,44112871,19513,15447382,100488,a00b4d99c6789ce09d7a23abc92d7e8d5d1b68b63f6dbfe26c73e710fddd940e
lifetime-proposal,interleaved,warm,candidate,BenchmarkNativeMixedCatalog/100000/owner=false/music/cold=false/seed-owner=false,3-1,56,58945060,19513,15447646,100488,a00b4d99c6789ce09d7a23abc92d7e8d5d1b68b63f6dbfe26c73e710fddd940e
lifetime-proposal,interleaved,warm,candidate,BenchmarkNativeMixedCatalog/100000/owner=false/music/cold=false/seed-owner=false,3-2,48,51915216,19513,15448942,100488,a00b4d99c6789ce09d7a23abc92d7e8d5d1b68b63f6dbfe26c73e710fddd940e
lifetime-proposal,interleaved,warm,candidate,BenchmarkNativeMixedCatalog/100000/owner=false/movies/cold=false/seed-owner=false,0-1,10,210414246,19814,20277012,112994,05d646cb84e3ba5e17c2b3e8a9d018151fd5a4a99118028d3cf6e66dd5525311
lifetime-proposal,interleaved,warm,candidate,BenchmarkNativeMixedCatalog/100000/owner=false/movies/cold=false/seed-owner=false,0-2,13,164794189,19814,20257923,112989,05d646cb84e3ba5e17c2b3e8a9d018151fd5a4a99118028d3cf6e66dd5525311
lifetime-proposal,interleaved,warm,lifetime,BenchmarkNativeMixedCatalog/100000/owner=false/movies/cold=false/seed-owner=false,1-1,43,52405913,19814,20267208,112991,05d646cb84e3ba5e17c2b3e8a9d018151fd5a4a99118028d3cf6e66dd5525311
lifetime-proposal,interleaved,warm,lifetime,BenchmarkNativeMixedCatalog/100000/owner=false/movies/cold=false/seed-owner=false,1-2,34,62642674,19814,20258835,112989,05d646cb84e3ba5e17c2b3e8a9d018151fd5a4a99118028d3cf6e66dd5525311
lifetime-proposal,interleaved,warm,lifetime,BenchmarkNativeMixedCatalog/100000/owner=false/movies/cold=false/seed-owner=false,2-1,54,41468904,19814,20257671,112989,05d646cb84e3ba5e17c2b3e8a9d018151fd5a4a99118028d3cf6e66dd5525311
lifetime-proposal,interleaved,warm,lifetime,BenchmarkNativeMixedCatalog/100000/owner=false/movies/cold=false/seed-owner=false,2-2,40,63121869,19814,20264149,112990,05d646cb84e3ba5e17c2b3e8a9d018151fd5a4a99118028d3cf6e66dd5525311
lifetime-proposal,interleaved,warm,candidate,BenchmarkNativeMixedCatalog/100000/owner=false/movies/cold=false/seed-owner=false,3-1,60,46469180,19814,20258439,112989,05d646cb84e3ba5e17c2b3e8a9d018151fd5a4a99118028d3cf6e66dd5525311
lifetime-proposal,interleaved,warm,candidate,BenchmarkNativeMixedCatalog/100000/owner=false/movies/cold=false/seed-owner=false,3-2,56,43125168,19814,20257441,112989,05d646cb84e3ba5e17c2b3e8a9d018151fd5a4a99118028d3cf6e66dd5525311
owner-admission,music-recheck,warm,baseline-final,BenchmarkNativeMixedCatalog/100000/owner=false/music/cold=false/seed-owner=false,0-1,8,254047672,19513,15461557,100492,a00b4d99c6789ce09d7a23abc92d7e8d5d1b68b63f6dbfe26c73e710fddd940e
owner-admission,music-recheck,warm,baseline-final,BenchmarkNativeMixedCatalog/100000/owner=false/music/cold=false/seed-owner=false,0-2,13,175471237,19513,15459779,100491,a00b4d99c6789ce09d7a23abc92d7e8d5d1b68b63f6dbfe26c73e710fddd940e
owner-admission,music-recheck,warm,candidate,BenchmarkNativeMixedCatalog/100000/owner=false/music/cold=false/seed-owner=false,1-1,18,131420701,19513,15454253,100490,a00b4d99c6789ce09d7a23abc92d7e8d5d1b68b63f6dbfe26c73e710fddd940e
owner-admission,music-recheck,warm,candidate,BenchmarkNativeMixedCatalog/100000/owner=false/music/cold=false/seed-owner=false,1-2,13,191200644,19513,15453227,100490,a00b4d99c6789ce09d7a23abc92d7e8d5d1b68b63f6dbfe26c73e710fddd940e
owner-admission,music-recheck,warm,candidate,BenchmarkNativeMixedCatalog/100000/owner=false/music/cold=false/seed-owner=false,2-1,37,81611805,19513,15451558,100489,a00b4d99c6789ce09d7a23abc92d7e8d5d1b68b63f6dbfe26c73e710fddd940e
owner-admission,music-recheck,warm,candidate,BenchmarkNativeMixedCatalog/100000/owner=false/music/cold=false/seed-owner=false,2-2,31,76266298,19513,15451067,100489,a00b4d99c6789ce09d7a23abc92d7e8d5d1b68b63f6dbfe26c73e710fddd940e
owner-admission,music-recheck,warm,baseline-final,BenchmarkNativeMixedCatalog/100000/owner=false/music/cold=false/seed-owner=false,3-1,36,72950938,19513,15449520,100488,a00b4d99c6789ce09d7a23abc92d7e8d5d1b68b63f6dbfe26c73e710fddd940e
owner-admission,music-recheck,warm,baseline-final,BenchmarkNativeMixedCatalog/100000/owner=false/music/cold=false/seed-owner=false,3-2,37,64210280,19513,15446950,100488,a00b4d99c6789ce09d7a23abc92d7e8d5d1b68b63f6dbfe26c73e710fddd940e
